experiment_id,seed,t_rel_seconds,swap_gib
20260915T164129648692Z__mlx-community-qwen3-4b-4bit__qlora-q4__ctx512__b8-ga1__r8__s42__01a0a5f1-e930-7242-9ebd-bfb9f735cb03,42,0.0,4.084101562388241
20260915T164129648692Z__mlx-community-qwen3-4b-4bit__qlora-q4__ctx512__b8-ga1__r8__s42__01a0a5f1-e930-7242-9ebd-bfb9f735cb03,42,1.0037109851837158,3.974550780840218
20260915T164129648692Z__mlx-community-qwen3-4b-4bit__qlora-q4__ctx512__b8-ga1__r8__s42__01a0a5f1-e930-7242-9ebd-bfb9f735cb03,42,2.015254020690918,3.950986328534782
20260915T164129648692Z__mlx-community-qwen3-4b-4bit__qlora-q4__ctx512__b8-ga1__r8__s42__01a0a5f1-e930-7242-9ebd-bfb9f735cb03,42,3.0289559364318848,3.171201172284782
20260915T164129648692Z__mlx-community-qwen3-4b-4bit__qlora-q4__ctx512__b8-ga1__r8__s42__01a0a5f1-e930-7242-9ebd-bfb9f735cb03,42,4.042673110961914,3.171201172284782
20260915T164129648692Z__mlx-community-qwen3-4b-4bit__qlora-q4__ctx512__b8-ga1__r8__s42__01a0a5f1-e930-7242-9ebd-bfb9f735cb03,42,5.055727005004883,3.171201172284782
20260915T164129648692Z__mlx-community-qwen3-4b-4bit__qlora-q4__ctx512__b8-ga1__r8__s42__01a0a5f1-e930-7242-9ebd-bfb9f735cb03,42,6.067582130432129,3.171201172284782
20260915T164129648692Z__mlx-community-qwen3-4b-4bit__qlora-q4__ctx512__b8-ga1__r8__s42__01a0a5f1-e930-7242-9ebd-bfb9f735cb03,42,7.072952032089233,3.171201172284782
20260915T164129648692Z__mlx-community-qwen3-4b-4bit__qlora-q4__ctx512__b8-ga1__r8__s42__01a0a5f1-e930-7242-9ebd-bfb9f735cb03,42,8.089394092559814,3.155576172284782
20260915T164129648692Z__mlx-community-qwen3-4b-4bit__qlora-q4__ctx512__b8-ga1__r8__s42__01a0a5f1-e930-7242-9ebd-bfb9f735cb03,42,9.100862979888916,3.155576172284782
20260915T164129648692Z__mlx-community-qwen3-4b-4bit__qlora-q4__ctx512__b8-ga1__r8__s42__01a0a5f1-e930-7242-9ebd-bfb9f735cb03,42,10.118652105331421,3.139951172284782
20260915T164129648692Z__mlx-community-qwen3-4b-4bit__qlora-q4__ctx512__b8-ga1__r8__s42__01a0a5f1-e930-7242-9ebd-bfb9f735cb03,42,11.178569078445435,3.139951172284782
20260915T164129648692Z__mlx-community-qwen3-4b-4bit__qlora-q4__ctx512__b8-ga1__r8__s42__01a0a5f1-e930-7242-9ebd-bfb9f735cb03,42,12.19627594947815,3.516054687090218
20260915T164129648692Z__mlx-community-qwen3-4b-4bit__qlora-q4__ctx512__b8-ga1__r8__s42__01a0a5f1-e930-7242-9ebd-bfb9f735cb03,42,13.209398984909058,4.645693358965218
20260915T164129648692Z__mlx-community-qwen3-4b-4bit__qlora-q4__ctx512__b8-ga1__r8__s42__01a0a5f1-e930-7242-9ebd-bfb9f735cb03,42,14.223268032073975,5.923886719159782
20260915T164129648692Z__mlx-community-qwen3-4b-4bit__qlora-q4__ctx512__b8-ga1__r8__s42__01a0a5f1-e930-7242-9ebd-bfb9f735cb03,42,15.242021083831787,7.137812499888241
20260915T164129648692Z__mlx-community-qwen3-4b-4bit__qlora-q4__ctx512__b8-ga1__r8__s42__01a0a5f1-e930-7242-9ebd-bfb9f735cb03,42,16.24783205986023,7.827031250111759
20260915T164129648692Z__mlx-community-qwen3-4b-4bit__qlora-q4__ctx512__b8-ga1__r8__s42__01a0a5f1-e930-7242-9ebd-bfb9f735cb03,42,17.260767936706543,8.581425781361759
20260915T164129648692Z__mlx-community-qwen3-4b-4bit__qlora-q4__ctx512__b8-ga1__r8__s42__01a0a5f1-e930-7242-9ebd-bfb9f735cb03,42,18.276124954223633,9.522832031361759
20260915T164129648692Z__mlx-community-qwen3-4b-4bit__qlora-q4__ctx512__b8-ga1__r8__s42__01a0a5f1-e930-7242-9ebd-bfb9f735cb03,42,19.29220199584961,10.199824218638241
20260915T164129648692Z__mlx-community-qwen3-4b-4bit__qlora-q4__ctx512__b8-ga1__r8__s42__01a0a5f1-e930-7242-9ebd-bfb9f735cb03,42,20.297640085220337,10.480712890625
20260915T164129648692Z__mlx-community-qwen3-4b-4bit__qlora-q4__ctx512__b8-ga1__r8__s42__01a0a5f1-e930-7242-9ebd-bfb9f735cb03,42,21.312225103378296,10.702392578125
20260915T164129648692Z__mlx-community-qwen3-4b-4bit__qlora-q4__ctx512__b8-ga1__r8__s42__01a0a5f1-e930-7242-9ebd-bfb9f735cb03,42,22.3262460231781,10.85302734375
20260915T164129648692Z__mlx-community-qwen3-4b-4bit__qlora-q4__ctx512__b8-ga1__r8__s42__01a0a5f1-e930-7242-9ebd-bfb9f735cb03,42,23.352421045303345,10.877382812090218
20260915T164129648692Z__mlx-community-qwen3-4b-4bit__qlora-q4__ctx512__b8-ga1__r8__s42__01a0a5f1-e930-7242-9ebd-bfb9f735cb03,42,24.36116099357605,11.463750000111759
20260915T164129648692Z__mlx-community-qwen3-4b-4bit__qlora-q4__ctx512__b8-ga1__r8__s42__01a0a5f1-e930-7242-9ebd-bfb9f735cb03,42,25.373393058776855,11.995488281361759
20260915T164129648692Z__mlx-community-qwen3-4b-4bit__qlora-q4__ctx512__b8-ga1__r8__s42__01a0a5f1-e930-7242-9ebd-bfb9f735cb03,42,26.38711714744568,12.783085937611759
20260915T164129648692Z__mlx-community-qwen3-4b-4bit__qlora-q4__ctx512__b8-ga1__r8__s42__01a0a5f1-e930-7242-9ebd-bfb9f735cb03,42,27.401845932006836,13.571230468340218
20260915T164129648692Z__mlx-community-qwen3-4b-4bit__qlora-q4__ctx512__b8-ga1__r8__s42__01a0a5f1-e930-7242-9ebd-bfb9f735cb03,42,28.415565013885498,14.377070312388241
20260915T164129648692Z__mlx-community-qwen3-4b-4bit__qlora-q4__ctx512__b8-ga1__r8__s42__01a0a5f1-e930-7242-9ebd-bfb9f735cb03,42,29.43987512588501,14.851259765215218
20260915T164129648692Z__mlx-community-qwen3-4b-4bit__qlora-q4__ctx512__b8-ga1__r8__s42__01a0a5f1-e930-7242-9ebd-bfb9f735cb03,42,30.465322971343994,15.614687499590218
20260915T164129648692Z__mlx-community-qwen3-4b-4bit__qlora-q4__ctx512__b8-ga1__r8__s42__01a0a5f1-e930-7242-9ebd-bfb9f735cb03,42,31.47743797302246,16.051455077715218
20260915T164129648692Z__mlx-community-qwen3-4b-4bit__qlora-q4__ctx512__b8-ga1__r8__s42__01a0a5f1-e930-7242-9ebd-bfb9f735cb03,42,32.509894132614136,16.355039062909782
20260915T164129648692Z__mlx-community-qwen3-4b-4bit__qlora-q4__ctx512__b8-ga1__r8__s42__01a0a5f1-e930-7242-9ebd-bfb9f735cb03,42,33.54273796081543,17.254580077715218
20260915T164129648692Z__mlx-community-qwen3-4b-4bit__qlora-q4__ctx512__b8-ga1__r8__s42__01a0a5f1-e930-7242-9ebd-bfb9f735cb03,42,34.54806995391846,17.94152343738824
20260915T164129648692Z__mlx-community-qwen3-4b-4bit__qlora-q4__ctx512__b8-ga1__r8__s42__01a0a5f1-e930-7242-9ebd-bfb9f735cb03,42,35.57087707519531,18.537050780840218
20260915T164129648692Z__mlx-community-qwen3-4b-4bit__qlora-q4__ctx512__b8-ga1__r8__s42__01a0a5f1-e930-7242-9ebd-bfb9f735cb03,42,36.58244514465332,18.78087890613824
20260915T164129648692Z__mlx-community-qwen3-4b-4bit__qlora-q4__ctx512__b8-ga1__r8__s42__01a0a5f1-e930-7242-9ebd-bfb9f735cb03,42,37.59681701660156,18.958984375
20260915T164129648692Z__mlx-community-qwen3-4b-4bit__qlora-q4__ctx512__b8-ga1__r8__s42__01a0a5f1-e930-7242-9ebd-bfb9f735cb03,42,38.61356806755066,19.02283203136176
20260915T164129648692Z__mlx-community-qwen3-4b-4bit__qlora-q4__ctx512__b8-ga1__r8__s42__01a0a5f1-e930-7242-9ebd-bfb9f735cb03,42,39.62498092651367,19.1357421875
20260915T164129648692Z__mlx-community-qwen3-4b-4bit__qlora-q4__ctx512__b8-ga1__r8__s42__01a0a5f1-e930-7242-9ebd-bfb9f735cb03,42,40.65026497840881,19.366640624590218
20260915T164129648692Z__mlx-community-qwen3-4b-4bit__qlora-q4__ctx512__b8-ga1__r8__s42__01a0a5f1-e930-7242-9ebd-bfb9f735cb03,42,41.66435503959656,19.61779296863824
20260915T164129648692Z__mlx-community-qwen3-4b-4bit__qlora-q4__ctx512__b8-ga1__r8__s42__01a0a5f1-e930-7242-9ebd-bfb9f735cb03,42,42.671968936920166,19.839414062909782
20260915T164129648692Z__mlx-community-qwen3-4b-4bit__qlora-q4__ctx512__b8-ga1__r8__s42__01a0a5f1-e930-7242-9ebd-bfb9f735cb03,42,43.70343804359436,20.032656249590218
20260915T164129648692Z__mlx-community-qwen3-4b-4bit__qlora-q4__ctx512__b8-ga1__r8__s42__01a0a5f1-e930-7242-9ebd-bfb9f735cb03,42,44.73061013221741,20.279111328534782
20260915T164129648692Z__mlx-community-qwen3-4b-4bit__qlora-q4__ctx512__b8-ga1__r8__s42__01a0a5f1-e930-7242-9ebd-bfb9f735cb03,42,45.73483109474182,20.38269531261176
20260915T164129648692Z__mlx-community-qwen3-4b-4bit__qlora-q4__ctx512__b8-ga1__r8__s42__01a0a5f1-e930-7242-9ebd-bfb9f735cb03,42,46.760584115982056,17.943789062090218
20260915T164129648692Z__mlx-community-qwen3-4b-4bit__qlora-q4__ctx512__b8-ga1__r8__s42__01a0a5f1-e930-7242-9ebd-bfb9f735cb03,42,47.771913051605225,12.4111328125
20260915T164129648692Z__mlx-community-qwen3-4b-4bit__qlora-q4__ctx512__b8-ga1__r8__s42__01a0a5f1-e930-7242-9ebd-bfb9f735cb03,42,48.80794906616211,12.3251953125
20260915T164129648692Z__mlx-community-qwen3-4b-4bit__qlora-q4__ctx512__b8-ga1__r8__s42__01a0a5f1-e930-7242-9ebd-bfb9f735cb03,42,49.87381100654602,12.2548828125
20260915T164129648692Z__mlx-community-qwen3-4b-4bit__qlora-q4__ctx512__b8-ga1__r8__s42__01a0a5f1-e930-7242-9ebd-bfb9f735cb03,42,50.88049292564392,12.135439452715218
20260915T164129648692Z__mlx-community-qwen3-4b-4bit__qlora-q4__ctx512__b8-ga1__r8__s42__01a0a5f1-e930-7242-9ebd-bfb9f735cb03,42,51.89390707015991,12.071894531138241
20260915T164129648692Z__mlx-community-qwen3-4b-4bit__qlora-q4__ctx512__b8-ga1__r8__s42__01a0a5f1-e930-7242-9ebd-bfb9f735cb03,42,52.910212993621826,11.9697265625
20260915T164129648692Z__mlx-community-qwen3-4b-4bit__qlora-q4__ctx512__b8-ga1__r8__s42__01a0a5f1-e930-7242-9ebd-bfb9f735cb03,42,53.91979503631592,11.813173827715218
20260915T164129648692Z__mlx-community-qwen3-4b-4bit__qlora-q4__ctx512__b8-ga1__r8__s42__01a0a5f1-e930-7242-9ebd-bfb9f735cb03,42,54.932778120040894,11.601679687388241
20260915T164129648692Z__mlx-community-qwen3-4b-4bit__qlora-q4__ctx512__b8-ga1__r8__s42__01a0a5f1-e930-7242-9ebd-bfb9f735cb03,42,55.94638514518738,11.461054687388241
20260915T164129648692Z__mlx-community-qwen3-4b-4bit__qlora-q4__ctx512__b8-ga1__r8__s42__01a0a5f1-e930-7242-9ebd-bfb9f735cb03,42,56.96076512336731,11.31982421875
20260915T164129648692Z__mlx-community-qwen3-4b-4bit__qlora-q4__ctx512__b8-ga1__r8__s42__01a0a5f1-e930-7242-9ebd-bfb9f735cb03,42,57.99436402320862,11.20263671875
20260915T164129648692Z__mlx-community-qwen3-4b-4bit__qlora-q4__ctx512__b8-ga1__r8__s42__01a0a5f1-e930-7242-9ebd-bfb9f735cb03,42,58.998624086380005,11.09326171875
20260915T164129648692Z__mlx-community-qwen3-4b-4bit__qlora-q4__ctx512__b8-ga1__r8__s42__01a0a5f1-e930-7242-9ebd-bfb9f735cb03,42,60.01242113113403,10.904902343638241
20260915T164129648692Z__mlx-community-qwen3-4b-4bit__qlora-q4__ctx512__b8-ga1__r8__s42__01a0a5f1-e930-7242-9ebd-bfb9f735cb03,42,61.02641010284424,10.772089843638241
20260915T164129648692Z__mlx-community-qwen3-4b-4bit__qlora-q4__ctx512__b8-ga1__r8__s42__01a0a5f1-e930-7242-9ebd-bfb9f735cb03,42,62.04125714302063,10.561337891034782
20260915T164129648692Z__mlx-community-qwen3-4b-4bit__qlora-q4__ctx512__b8-ga1__r8__s42__01a0a5f1-e930-7242-9ebd-bfb9f735cb03,42,63.05258512496948,10.428525391034782
20260915T164129648692Z__mlx-community-qwen3-4b-4bit__qlora-q4__ctx512__b8-ga1__r8__s42__01a0a5f1-e930-7242-9ebd-bfb9f735cb03,42,64.0659749507904,10.311337891034782
20260915T164129648692Z__mlx-community-qwen3-4b-4bit__qlora-q4__ctx512__b8-ga1__r8__s42__01a0a5f1-e930-7242-9ebd-bfb9f735cb03,42,65.07972192764282,10.192011718638241
20260915T164129648692Z__mlx-community-qwen3-4b-4bit__qlora-q4__ctx512__b8-ga1__r8__s42__01a0a5f1-e930-7242-9ebd-bfb9f735cb03,42,66.13579106330872,10.074824218638241
20260915T164129648692Z__mlx-community-qwen3-4b-4bit__qlora-q4__ctx512__b8-ga1__r8__s42__01a0a5f1-e930-7242-9ebd-bfb9f735cb03,42,67.14895606040955,9.973261718638241
20260915T164129648692Z__mlx-community-qwen3-4b-4bit__qlora-q4__ctx512__b8-ga1__r8__s42__01a0a5f1-e930-7242-9ebd-bfb9f735cb03,42,68.16290307044983,9.863886718638241
20260915T164129648692Z__mlx-community-qwen3-4b-4bit__qlora-q4__ctx512__b8-ga1__r8__s42__01a0a5f1-e930-7242-9ebd-bfb9f735cb03,42,69.17690706253052,9.656923827715218
20260915T164129648692Z__mlx-community-qwen3-4b-4bit__qlora-q4__ctx512__b8-ga1__r8__s42__01a0a5f1-e930-7242-9ebd-bfb9f735cb03,42,70.19599914550781,9.531923827715218
20260915T164129648692Z__mlx-community-qwen3-4b-4bit__qlora-q4__ctx512__b8-ga1__r8__s42__01a0a5f1-e930-7242-9ebd-bfb9f735cb03,42,71.2043559551239,9.391298827715218
20260915T164129648692Z__mlx-community-qwen3-4b-4bit__qlora-q4__ctx512__b8-ga1__r8__s42__01a0a5f1-e930-7242-9ebd-bfb9f735cb03,42,72.2139790058136,9.281923827715218
20260915T164129648692Z__mlx-community-qwen3-4b-4bit__qlora-q4__ctx512__b8-ga1__r8__s42__01a0a5f1-e930-7242-9ebd-bfb9f735cb03,42,73.22805309295654,9.086123046465218
20260915T164129648692Z__mlx-community-qwen3-4b-4bit__qlora-q4__ctx512__b8-ga1__r8__s42__01a0a5f1-e930-7242-9ebd-bfb9f735cb03,42,74.2325849533081,8.966123047284782
20260915T164129648692Z__mlx-community-qwen3-4b-4bit__qlora-q4__ctx512__b8-ga1__r8__s42__01a0a5f1-e930-7242-9ebd-bfb9f735cb03,42,75.24625205993652,8.833251953125
20260915T164129648692Z__mlx-community-qwen3-4b-4bit__qlora-q4__ctx512__b8-ga1__r8__s42__01a0a5f1-e930-7242-9ebd-bfb9f735cb03,42,76.2599401473999,8.716064453125
20260915T164129648692Z__mlx-community-qwen3-4b-4bit__qlora-q4__ctx512__b8-ga1__r8__s42__01a0a5f1-e930-7242-9ebd-bfb9f735cb03,42,77.26448011398315,8.466123047284782
20260915T164129648692Z__mlx-community-qwen3-4b-4bit__qlora-q4__ctx512__b8-ga1__r8__s42__01a0a5f1-e930-7242-9ebd-bfb9f735cb03,42,78.27805304527283,8.08349609375
20260915T164129648692Z__mlx-community-qwen3-4b-4bit__qlora-q4__ctx512__b8-ga1__r8__s42__01a0a5f1-e930-7242-9ebd-bfb9f735cb03,42,79.2917890548706,7.924257812090218
20260915T164129648692Z__mlx-community-qwen3-4b-4bit__qlora-q4__ctx512__b8-ga1__r8__s42__01a0a5f1-e930-7242-9ebd-bfb9f735cb03,42,80.3027400970459,7.762998047284782
20260915T164129648692Z__mlx-community-qwen3-4b-4bit__qlora-q4__ctx512__b8-ga1__r8__s42__01a0a5f1-e930-7242-9ebd-bfb9f735cb03,42,81.31574010848999,7.591191406361759
20260915T164129648692Z__mlx-community-qwen3-4b-4bit__qlora-q4__ctx512__b8-ga1__r8__s42__01a0a5f1-e930-7242-9ebd-bfb9f735cb03,42,82.32961010932922,7.325566406361759
20260915T164129648692Z__mlx-community-qwen3-4b-4bit__qlora-q4__ctx512__b8-ga1__r8__s42__01a0a5f1-e930-7242-9ebd-bfb9f735cb03,42,83.34331107139587,6.946718749590218
20260915T164129648692Z__mlx-community-qwen3-4b-4bit__qlora-q4__ctx512__b8-ga1__r8__s42__01a0a5f1-e930-7242-9ebd-bfb9f735cb03,42,84.35669898986816,6.806093749590218
20260915T164129648692Z__mlx-community-qwen3-4b-4bit__qlora-q4__ctx512__b8-ga1__r8__s42__01a0a5f1-e930-7242-9ebd-bfb9f735cb03,42,85.36326813697815,6.65771484375
20260915T164129648692Z__mlx-community-qwen3-4b-4bit__qlora-q4__ctx512__b8-ga1__r8__s42__01a0a5f1-e930-7242-9ebd-bfb9f735cb03,42,86.37712812423706,6.39990234375
20260915T164129648692Z__mlx-community-qwen3-4b-4bit__qlora-q4__ctx512__b8-ga1__r8__s42__01a0a5f1-e930-7242-9ebd-bfb9f735cb03,42,87.38386011123657,6.043398437090218
20260915T164129648692Z__mlx-community-qwen3-4b-4bit__qlora-q4__ctx512__b8-ga1__r8__s42__01a0a5f1-e930-7242-9ebd-bfb9f735cb03,42,88.39726710319519,5.912412109784782
20260915T164129648692Z__mlx-community-qwen3-4b-4bit__qlora-q4__ctx512__b8-ga1__r8__s42__01a0a5f1-e930-7242-9ebd-bfb9f735cb03,42,89.44321894645691,5.740605468861759
20260915T164129648692Z__mlx-community-qwen3-4b-4bit__qlora-q4__ctx512__b8-ga1__r8__s42__01a0a5f1-e930-7242-9ebd-bfb9f735cb03,42,90.4680449962616,5.498417968861759
20260915T164129648692Z__mlx-community-qwen3-4b-4bit__qlora-q4__ctx512__b8-ga1__r8__s42__01a0a5f1-e930-7242-9ebd-bfb9f735cb03,42,91.47179794311523,5.073300781659782
20260915T164129648692Z__mlx-community-qwen3-4b-4bit__qlora-q4__ctx512__b8-ga1__r8__s42__01a0a5f1-e930-7242-9ebd-bfb9f735cb03,42,92.48675894737244,4.889462891034782
20260915T164129648692Z__mlx-community-qwen3-4b-4bit__qlora-q4__ctx512__b8-ga1__r8__s42__01a0a5f1-e930-7242-9ebd-bfb9f735cb03,42,93.49671697616577,4.678525391034782
20260915T164129648692Z__mlx-community-qwen3-4b-4bit__qlora-q4__ctx512__b8-ga1__r8__s42__01a0a5f1-e930-7242-9ebd-bfb9f735cb03,42,94.51033997535706,4.420712891034782
20260915T164129648692Z__mlx-community-qwen3-4b-4bit__qlora-q4__ctx512__b8-ga1__r8__s42__01a0a5f1-e930-7242-9ebd-bfb9f735cb03,42,95.51987600326538,3.9542187498882413
20260915T164129648692Z__mlx-community-qwen3-4b-4bit__qlora-q4__ctx512__b8-ga1__r8__s42__01a0a5f1-e930-7242-9ebd-bfb9f735cb03,42,96.53165698051453,3.803281250409782
20260915T164129648692Z__mlx-community-qwen3-4b-4bit__qlora-q4__ctx512__b8-ga1__r8__s42__01a0a5f1-e930-7242-9ebd-bfb9f735cb03,42,97.56125497817993,4.367792968638241
20260915T164129648692Z__mlx-community-qwen3-4b-4bit__qlora-q4__ctx512__b8-ga1__r8__s42__01a0a5f1-e930-7242-9ebd-bfb9f735cb03,42,98.60931015014648,4.952578124590218
20260915T164129648692Z__mlx-community-qwen3-4b-4bit__qlora-q4__ctx512__b8-ga1__r8__s42__01a0a5f1-e930-7242-9ebd-bfb9f735cb03,42,99.68665504455566,5.419130858965218
20260915T164129648692Z__mlx-community-qwen3-4b-4bit__qlora-q4__ctx512__b8-ga1__r8__s42__01a0a5f1-e930-7242-9ebd-bfb9f735cb03,42,101.09298396110535,5.837773437611759
20260915T164129648692Z__mlx-community-qwen3-4b-4bit__qlora-q4__ctx512__b8-ga1__r8__s42__01a0a5f1-e930-7242-9ebd-bfb9f735cb03,42,102.33257913589478,5.979863281361759
20260915T164129648692Z__mlx-community-qwen3-4b-4bit__qlora-q4__ctx512__b8-ga1__r8__s42__01a0a5f1-e930-7242-9ebd-bfb9f735cb03,42,103.69070506095886,6.083193358965218
20260915T164129648692Z__mlx-community-qwen3-4b-4bit__qlora-q4__ctx512__b8-ga1__r8__s42__01a0a5f1-e930-7242-9ebd-bfb9f735cb03,42,105.3836600780487,6.226015624590218
20260915T164129648692Z__mlx-community-qwen3-4b-4bit__qlora-q4__ctx512__b8-ga1__r8__s42__01a0a5f1-e930-7242-9ebd-bfb9f735cb03,42,108.229327917099,6.429931640625
20260915T164129648692Z__mlx-community-qwen3-4b-4bit__qlora-q4__ctx512__b8-ga1__r8__s42__01a0a5f1-e930-7242-9ebd-bfb9f735cb03,42,111.58909201622009,6.765683594159782
20260915T164129648692Z__mlx-community-qwen3-4b-4bit__qlora-q4__ctx512__b8-ga1__r8__s42__01a0a5f1-e930-7242-9ebd-bfb9f735cb03,42,113.87108302116394,7.501035156659782
20260915T164129648692Z__mlx-community-qwen3-4b-4bit__qlora-q4__ctx512__b8-ga1__r8__s42__01a0a5f1-e930-7242-9ebd-bfb9f735cb03,42,115.47209215164185,7.733515624888241
20260915T164129648692Z__mlx-community-qwen3-4b-4bit__qlora-q4__ctx512__b8-ga1__r8__s42__01a0a5f1-e930-7242-9ebd-bfb9f735cb03,42,116.90888404846191,7.93359375
20260915T164129648692Z__mlx-community-qwen3-4b-4bit__qlora-q4__ctx512__b8-ga1__r8__s42__01a0a5f1-e930-7242-9ebd-bfb9f735cb03,42,119.00667405128479,8.201357421465218
20260915T164129648692Z__mlx-community-qwen3-4b-4bit__qlora-q4__ctx512__b8-ga1__r8__s42__01a0a5f1-e930-7242-9ebd-bfb9f735cb03,42,121.95964097976685,8.557431641034782
20260915T164129648692Z__mlx-community-qwen3-4b-4bit__qlora-q4__ctx512__b8-ga1__r8__s42__01a0a5f1-e930-7242-9ebd-bfb9f735cb03,42,123.68552303314209,8.805234375409782
20260915T164129648692Z__mlx-community-qwen3-4b-4bit__qlora-q4__ctx512__b8-ga1__r8__s42__01a0a5f1-e930-7242-9ebd-bfb9f735cb03,42,125.79674696922302,9.079707031138241
20260915T164129648692Z__mlx-community-qwen3-4b-4bit__qlora-q4__ctx512__b8-ga1__r8__s42__01a0a5f1-e930-7242-9ebd-bfb9f735cb03,42,128.18280410766602,9.423710937611759
20260915T164129648692Z__mlx-community-qwen3-4b-4bit__qlora-q4__ctx512__b8-ga1__r8__s42__01a0a5f1-e930-7242-9ebd-bfb9f735cb03,42,130.23070812225342,9.624814453534782
20260915T164129648692Z__mlx-community-qwen3-4b-4bit__qlora-q4__ctx512__b8-ga1__r8__s42__01a0a5f1-e930-7242-9ebd-bfb9f735cb03,42,132.1123559474945,9.975214843638241
20260915T164129648692Z__mlx-community-qwen3-4b-4bit__qlora-q4__ctx512__b8-ga1__r8__s42__01a0a5f1-e930-7242-9ebd-bfb9f735cb03,42,133.7927589416504,10.290410156361759
20260915T164129648692Z__mlx-community-qwen3-4b-4bit__qlora-q4__ctx512__b8-ga1__r8__s42__01a0a5f1-e930-7242-9ebd-bfb9f735cb03,42,135.75947213172913,10.58837890625
20260915T164129648692Z__mlx-community-qwen3-4b-4bit__qlora-q4__ctx512__b8-ga1__r8__s42__01a0a5f1-e930-7242-9ebd-bfb9f735cb03,42,139.75615811347961,11.002197265625
20260915T164129648692Z__mlx-community-qwen3-4b-4bit__qlora-q4__ctx512__b8-ga1__r8__s42__01a0a5f1-e930-7242-9ebd-bfb9f735cb03,42,143.08930706977844,11.097900390625
20260915T164129648692Z__mlx-community-qwen3-4b-4bit__qlora-q4__ctx512__b8-ga1__r8__s42__01a0a5f1-e930-7242-9ebd-bfb9f735cb03,42,146.82301902770996,11.777158203534782
20260915T164129648692Z__mlx-community-qwen3-4b-4bit__qlora-q4__ctx512__b8-ga1__r8__s42__01a0a5f1-e930-7242-9ebd-bfb9f735cb03,42,148.7156801223755,12.035214844159782
20260915T164129648692Z__mlx-community-qwen3-4b-4bit__qlora-q4__ctx512__b8-ga1__r8__s42__01a0a5f1-e930-7242-9ebd-bfb9f735cb03,42,153.48985195159912,12.658994141034782
20260915T164129648692Z__mlx-community-qwen3-4b-4bit__qlora-q4__ctx512__b8-ga1__r8__s42__01a0a5f1-e930-7242-9ebd-bfb9f735cb03,42,155.87571907043457,12.791445312090218
20260915T164129648692Z__mlx-community-qwen3-4b-4bit__qlora-q4__ctx512__b8-ga1__r8__s42__01a0a5f1-e930-7242-9ebd-bfb9f735cb03,42,160.39373397827148,13.225957031361759
20260915T164129648692Z__mlx-community-qwen3-4b-4bit__qlora-q4__ctx512__b8-ga1__r8__s42__01a0a5f1-e930-7242-9ebd-bfb9f735cb03,42,162.33370113372803,13.267763671465218
20260915T164414079542Z__mlx-community-qwen3-4b-4bit__qlora-q4__ctx512__b8-ga1__r8__s123__01a0a5f4-6b7f-75ff-b238-30a384c43889,123,0.0,3.0479687498882413
20260915T164414079542Z__mlx-community-qwen3-4b-4bit__qlora-q4__ctx512__b8-ga1__r8__s123__01a0a5f4-6b7f-75ff-b238-30a384c43889,123,1.0053939819335938,3.0010937498882413
20260915T164414079542Z__mlx-community-qwen3-4b-4bit__qlora-q4__ctx512__b8-ga1__r8__s123__01a0a5f4-6b7f-75ff-b238-30a384c43889,123,2.008570909500122,2.9854687498882413
20260915T164414079542Z__mlx-community-qwen3-4b-4bit__qlora-q4__ctx512__b8-ga1__r8__s123__01a0a5f4-6b7f-75ff-b238-30a384c43889,123,3.021472930908203,2.9776562498882413
20260915T164414079542Z__mlx-community-qwen3-4b-4bit__qlora-q4__ctx512__b8-ga1__r8__s123__01a0a5f4-6b7f-75ff-b238-30a384c43889,123,4.0269269943237305,2.9776562498882413
20260915T164414079542Z__mlx-community-qwen3-4b-4bit__qlora-q4__ctx512__b8-ga1__r8__s123__01a0a5f4-6b7f-75ff-b238-30a384c43889,123,5.037819862365723,2.9776562498882413
20260915T164414079542Z__mlx-community-qwen3-4b-4bit__qlora-q4__ctx512__b8-ga1__r8__s123__01a0a5f4-6b7f-75ff-b238-30a384c43889,123,6.041130781173706,2.9698437498882413
20260915T164414079542Z__mlx-community-qwen3-4b-4bit__qlora-q4__ctx512__b8-ga1__r8__s123__01a0a5f4-6b7f-75ff-b238-30a384c43889,123,7.055164813995361,2.9698437498882413
20260915T164414079542Z__mlx-community-qwen3-4b-4bit__qlora-q4__ctx512__b8-ga1__r8__s123__01a0a5f4-6b7f-75ff-b238-30a384c43889,123,8.065842866897583,2.9698437498882413
20260915T164414079542Z__mlx-community-qwen3-4b-4bit__qlora-q4__ctx512__b8-ga1__r8__s123__01a0a5f4-6b7f-75ff-b238-30a384c43889,123,9.082803964614868,2.9698437498882413
20260915T164414079542Z__mlx-community-qwen3-4b-4bit__qlora-q4__ctx512__b8-ga1__r8__s123__01a0a5f4-6b7f-75ff-b238-30a384c43889,123,10.097659826278687,2.9698437498882413
20260915T164414079542Z__mlx-community-qwen3-4b-4bit__qlora-q4__ctx512__b8-ga1__r8__s123__01a0a5f4-6b7f-75ff-b238-30a384c43889,123,11.106000900268555,2.9698437498882413
20260915T164414079542Z__mlx-community-qwen3-4b-4bit__qlora-q4__ctx512__b8-ga1__r8__s123__01a0a5f4-6b7f-75ff-b238-30a384c43889,123,12.12130880355835,3.869326171465218
20260915T164414079542Z__mlx-community-qwen3-4b-4bit__qlora-q4__ctx512__b8-ga1__r8__s123__01a0a5f4-6b7f-75ff-b238-30a384c43889,123,13.129408836364746,4.479609374888241
20260915T164414079542Z__mlx-community-qwen3-4b-4bit__qlora-q4__ctx512__b8-ga1__r8__s123__01a0a5f4-6b7f-75ff-b238-30a384c43889,123,14.145850896835327,4.966249999590218
20260915T164414079542Z__mlx-community-qwen3-4b-4bit__qlora-q4__ctx512__b8-ga1__r8__s123__01a0a5f4-6b7f-75ff-b238-30a384c43889,123,15.18989896774292,5.541318359784782
20260915T164414079542Z__mlx-community-qwen3-4b-4bit__qlora-q4__ctx512__b8-ga1__r8__s123__01a0a5f4-6b7f-75ff-b238-30a384c43889,123,16.20419692993164,5.787109375
20260915T164414079542Z__mlx-community-qwen3-4b-4bit__qlora-q4__ctx512__b8-ga1__r8__s123__01a0a5f4-6b7f-75ff-b238-30a384c43889,123,17.244157791137695,6.065546874888241
20260915T164414079542Z__mlx-community-qwen3-4b-4bit__qlora-q4__ctx512__b8-ga1__r8__s123__01a0a5f4-6b7f-75ff-b238-30a384c43889,123,18.253968954086304,6.35498046875
20260915T164414079542Z__mlx-community-qwen3-4b-4bit__qlora-q4__ctx512__b8-ga1__r8__s123__01a0a5f4-6b7f-75ff-b238-30a384c43889,123,19.268418788909912,6.564082031138241
20260915T164414079542Z__mlx-community-qwen3-4b-4bit__qlora-q4__ctx512__b8-ga1__r8__s123__01a0a5f4-6b7f-75ff-b238-30a384c43889,123,20.307111978530884,6.581357422284782
20260915T164414079542Z__mlx-community-qwen3-4b-4bit__qlora-q4__ctx512__b8-ga1__r8__s123__01a0a5f4-6b7f-75ff-b238-30a384c43889,123,21.37103295326233,6.768496093340218
20260915T164414079542Z__mlx-community-qwen3-4b-4bit__qlora-q4__ctx512__b8-ga1__r8__s123__01a0a5f4-6b7f-75ff-b238-30a384c43889,123,22.390307903289795,7.592587891034782
20260915T164414079542Z__mlx-community-qwen3-4b-4bit__qlora-q4__ctx512__b8-ga1__r8__s123__01a0a5f4-6b7f-75ff-b238-30a384c43889,123,23.407408952713013,8.293154296465218
20260915T164414079542Z__mlx-community-qwen3-4b-4bit__qlora-q4__ctx512__b8-ga1__r8__s123__01a0a5f4-6b7f-75ff-b238-30a384c43889,123,24.420461893081665,9.000917968340218
20260915T164414079542Z__mlx-community-qwen3-4b-4bit__qlora-q4__ctx512__b8-ga1__r8__s123__01a0a5f4-6b7f-75ff-b238-30a384c43889,123,25.43486785888672,9.749453124590218
20260915T164414079542Z__mlx-community-qwen3-4b-4bit__qlora-q4__ctx512__b8-ga1__r8__s123__01a0a5f4-6b7f-75ff-b238-30a384c43889,123,26.448782920837402,10.0
20260915T164414079542Z__mlx-community-qwen3-4b-4bit__qlora-q4__ctx512__b8-ga1__r8__s123__01a0a5f4-6b7f-75ff-b238-30a384c43889,123,27.4680438041687,10.34765625
20260915T164414079542Z__mlx-community-qwen3-4b-4bit__qlora-q4__ctx512__b8-ga1__r8__s123__01a0a5f4-6b7f-75ff-b238-30a384c43889,123,28.473668813705444,10.640078124590218
20260915T164414079542Z__mlx-community-qwen3-4b-4bit__qlora-q4__ctx512__b8-ga1__r8__s123__01a0a5f4-6b7f-75ff-b238-30a384c43889,123,29.487637996673584,10.800722655840218
20260915T164414079542Z__mlx-community-qwen3-4b-4bit__qlora-q4__ctx512__b8-ga1__r8__s123__01a0a5f4-6b7f-75ff-b238-30a384c43889,123,30.492893934249878,10.821474608965218
20260915T164414079542Z__mlx-community-qwen3-4b-4bit__qlora-q4__ctx512__b8-ga1__r8__s123__01a0a5f4-6b7f-75ff-b238-30a384c43889,123,31.52969193458557,10.976933593861759
20260915T164414079542Z__mlx-community-qwen3-4b-4bit__qlora-q4__ctx512__b8-ga1__r8__s123__01a0a5f4-6b7f-75ff-b238-30a384c43889,123,32.54585385322571,11.151914062909782
20260915T164414079542Z__mlx-community-qwen3-4b-4bit__qlora-q4__ctx512__b8-ga1__r8__s123__01a0a5f4-6b7f-75ff-b238-30a384c43889,123,33.595799922943115,11.221738281659782
20260915T164414079542Z__mlx-community-qwen3-4b-4bit__qlora-q4__ctx512__b8-ga1__r8__s123__01a0a5f4-6b7f-75ff-b238-30a384c43889,123,34.623169898986816,11.364501953125
20260915T164414079542Z__mlx-community-qwen3-4b-4bit__qlora-q4__ctx512__b8-ga1__r8__s123__01a0a5f4-6b7f-75ff-b238-30a384c43889,123,35.64253377914429,11.583124999888241
20260915T164414079542Z__mlx-community-qwen3-4b-4bit__qlora-q4__ctx512__b8-ga1__r8__s123__01a0a5f4-6b7f-75ff-b238-30a384c43889,123,36.6920747756958,11.810605469159782
20260915T164414079542Z__mlx-community-qwen3-4b-4bit__qlora-q4__ctx512__b8-ga1__r8__s123__01a0a5f4-6b7f-75ff-b238-30a384c43889,123,37.710845947265625,11.938662108965218
20260915T164414079542Z__mlx-community-qwen3-4b-4bit__qlora-q4__ctx512__b8-ga1__r8__s123__01a0a5f4-6b7f-75ff-b238-30a384c43889,123,38.72506380081177,12.175898437388241
20260915T164414079542Z__mlx-community-qwen3-4b-4bit__qlora-q4__ctx512__b8-ga1__r8__s123__01a0a5f4-6b7f-75ff-b238-30a384c43889,123,39.75433087348938,12.393310546875
20260915T164414079542Z__mlx-community-qwen3-4b-4bit__qlora-q4__ctx512__b8-ga1__r8__s123__01a0a5f4-6b7f-75ff-b238-30a384c43889,123,41.459420919418335,12.571171875111759
20260915T164414079542Z__mlx-community-qwen3-4b-4bit__qlora-q4__ctx512__b8-ga1__r8__s123__01a0a5f4-6b7f-75ff-b238-30a384c43889,123,42.68983197212219,13.056337890215218
20260915T164414079542Z__mlx-community-qwen3-4b-4bit__qlora-q4__ctx512__b8-ga1__r8__s123__01a0a5f4-6b7f-75ff-b238-30a384c43889,123,45.140424966812134,13.344296875409782
20260915T164414079542Z__mlx-community-qwen3-4b-4bit__qlora-q4__ctx512__b8-ga1__r8__s123__01a0a5f4-6b7f-75ff-b238-30a384c43889,123,48.13246297836304,13.600468750111759
20260915T164414079542Z__mlx-community-qwen3-4b-4bit__qlora-q4__ctx512__b8-ga1__r8__s123__01a0a5f4-6b7f-75ff-b238-30a384c43889,123,51.712382793426514,14.082822266034782
20260915T164414079542Z__mlx-community-qwen3-4b-4bit__qlora-q4__ctx512__b8-ga1__r8__s123__01a0a5f4-6b7f-75ff-b238-30a384c43889,123,54.917624950408936,14.317685547284782
20260915T164414079542Z__mlx-community-qwen3-4b-4bit__qlora-q4__ctx512__b8-ga1__r8__s123__01a0a5f4-6b7f-75ff-b238-30a384c43889,123,56.841495990753174,14.739199218340218
20260915T164414079542Z__mlx-community-qwen3-4b-4bit__qlora-q4__ctx512__b8-ga1__r8__s123__01a0a5f4-6b7f-75ff-b238-30a384c43889,123,58.44729280471802,15.105283203534782
20260915T164414079542Z__mlx-community-qwen3-4b-4bit__qlora-q4__ctx512__b8-ga1__r8__s123__01a0a5f4-6b7f-75ff-b238-30a384c43889,123,60.922499895095825,15.471074218861759
20260915T164414079542Z__mlx-community-qwen3-4b-4bit__qlora-q4__ctx512__b8-ga1__r8__s123__01a0a5f4-6b7f-75ff-b238-30a384c43889,123,64.6165177822113,15.830449218861759
20260915T164414079542Z__mlx-community-qwen3-4b-4bit__qlora-q4__ctx512__b8-ga1__r8__s123__01a0a5f4-6b7f-75ff-b238-30a384c43889,123,67.53917598724365,16.405820312909782
20260915T164414079542Z__mlx-community-qwen3-4b-4bit__qlora-q4__ctx512__b8-ga1__r8__s123__01a0a5f4-6b7f-75ff-b238-30a384c43889,123,70.02524399757385,16.80529296863824
20260915T164414079542Z__mlx-community-qwen3-4b-4bit__qlora-q4__ctx512__b8-ga1__r8__s123__01a0a5f4-6b7f-75ff-b238-30a384c43889,123,71.94029593467712,17.035341796465218
20260915T164414079542Z__mlx-community-qwen3-4b-4bit__qlora-q4__ctx512__b8-ga1__r8__s123__01a0a5f4-6b7f-75ff-b238-30a384c43889,123,75.56721997261047,17.590878906659782
20260915T164414079542Z__mlx-community-qwen3-4b-4bit__qlora-q4__ctx512__b8-ga1__r8__s123__01a0a5f4-6b7f-75ff-b238-30a384c43889,123,78.56434893608093,18.00439453125
20260915T164414079542Z__mlx-community-qwen3-4b-4bit__qlora-q4__ctx512__b8-ga1__r8__s123__01a0a5f4-6b7f-75ff-b238-30a384c43889,123,83.33382797241211,18.56603515613824
20260915T164414079542Z__mlx-community-qwen3-4b-4bit__qlora-q4__ctx512__b8-ga1__r8__s123__01a0a5f4-6b7f-75ff-b238-30a384c43889,123,87.04561400413513,18.93298828136176
20260915T164414079542Z__mlx-community-qwen3-4b-4bit__qlora-q4__ctx512__b8-ga1__r8__s123__01a0a5f4-6b7f-75ff-b238-30a384c43889,123,88.54579496383667,19.15027343761176
20260915T164414079542Z__mlx-community-qwen3-4b-4bit__qlora-q4__ctx512__b8-ga1__r8__s123__01a0a5f4-6b7f-75ff-b238-30a384c43889,123,89.60232782363892,19.389218750409782
20260915T164414079542Z__mlx-community-qwen3-4b-4bit__qlora-q4__ctx512__b8-ga1__r8__s123__01a0a5f4-6b7f-75ff-b238-30a384c43889,123,90.61746788024902,19.50830078125
20260915T164414079542Z__mlx-community-qwen3-4b-4bit__qlora-q4__ctx512__b8-ga1__r8__s123__01a0a5f4-6b7f-75ff-b238-30a384c43889,123,91.66419887542725,19.515927734784782
20260915T164414079542Z__mlx-community-qwen3-4b-4bit__qlora-q4__ctx512__b8-ga1__r8__s123__01a0a5f4-6b7f-75ff-b238-30a384c43889,123,94.18644094467163,8.135312500409782
20260915T164550471089Z__mlx-community-qwen3-4b-4bit__qlora-q4__ctx512__b8-ga1__r8__s2026__01a0a5f5-e407-7904-9c86-f6a77dac3a89,2026,0.0,3.118955078534782
20260915T164550471089Z__mlx-community-qwen3-4b-4bit__qlora-q4__ctx512__b8-ga1__r8__s2026__01a0a5f5-e407-7904-9c86-f6a77dac3a89,2026,1.0140938758850098,3.111142578534782
20260915T164550471089Z__mlx-community-qwen3-4b-4bit__qlora-q4__ctx512__b8-ga1__r8__s2026__01a0a5f5-e407-7904-9c86-f6a77dac3a89,2026,2.026254892349243,3.103330078534782
20260915T164550471089Z__mlx-community-qwen3-4b-4bit__qlora-q4__ctx512__b8-ga1__r8__s2026__01a0a5f5-e407-7904-9c86-f6a77dac3a89,2026,3.039820909500122,3.095517578534782
20260915T164550471089Z__mlx-community-qwen3-4b-4bit__qlora-q4__ctx512__b8-ga1__r8__s2026__01a0a5f5-e407-7904-9c86-f6a77dac3a89,2026,4.054050922393799,3.095517578534782
20260915T164550471089Z__mlx-community-qwen3-4b-4bit__qlora-q4__ctx512__b8-ga1__r8__s2026__01a0a5f5-e407-7904-9c86-f6a77dac3a89,2026,5.067777872085571,3.095517578534782
20260915T164550471089Z__mlx-community-qwen3-4b-4bit__qlora-q4__ctx512__b8-ga1__r8__s2026__01a0a5f5-e407-7904-9c86-f6a77dac3a89,2026,6.074261903762817,3.095517578534782
20260915T164550471089Z__mlx-community-qwen3-4b-4bit__qlora-q4__ctx512__b8-ga1__r8__s2026__01a0a5f5-e407-7904-9c86-f6a77dac3a89,2026,7.087599039077759,3.095517578534782
20260915T164550471089Z__mlx-community-qwen3-4b-4bit__qlora-q4__ctx512__b8-ga1__r8__s2026__01a0a5f5-e407-7904-9c86-f6a77dac3a89,2026,8.10211181640625,3.095517578534782
20260915T164550471089Z__mlx-community-qwen3-4b-4bit__qlora-q4__ctx512__b8-ga1__r8__s2026__01a0a5f5-e407-7904-9c86-f6a77dac3a89,2026,9.116751909255981,3.095517578534782
20260915T164550471089Z__mlx-community-qwen3-4b-4bit__qlora-q4__ctx512__b8-ga1__r8__s2026__01a0a5f5-e407-7904-9c86-f6a77dac3a89,2026,10.253647804260254,3.095517578534782
20260915T164550471089Z__mlx-community-qwen3-4b-4bit__qlora-q4__ctx512__b8-ga1__r8__s2026__01a0a5f5-e407-7904-9c86-f6a77dac3a89,2026,11.259995937347412,3.095517578534782
20260915T164550471089Z__mlx-community-qwen3-4b-4bit__qlora-q4__ctx512__b8-ga1__r8__s2026__01a0a5f5-e407-7904-9c86-f6a77dac3a89,2026,12.280166864395142,3.9647265626117587
20260915T164550471089Z__mlx-community-qwen3-4b-4bit__qlora-q4__ctx512__b8-ga1__r8__s2026__01a0a5f5-e407-7904-9c86-f6a77dac3a89,2026,13.287197828292847,5.166748046875
20260915T164550471089Z__mlx-community-qwen3-4b-4bit__qlora-q4__ctx512__b8-ga1__r8__s2026__01a0a5f5-e407-7904-9c86-f6a77dac3a89,2026,14.30272102355957,5.871884766034782
20260915T164550471089Z__mlx-community-qwen3-4b-4bit__qlora-q4__ctx512__b8-ga1__r8__s2026__01a0a5f5-e407-7904-9c86-f6a77dac3a89,2026,15.427635908126831,6.216064453125
20260915T164550471089Z__mlx-community-qwen3-4b-4bit__qlora-q4__ctx512__b8-ga1__r8__s2026__01a0a5f5-e407-7904-9c86-f6a77dac3a89,2026,16.460148811340332,6.196894531138241
20260915T164550471089Z__mlx-community-qwen3-4b-4bit__qlora-q4__ctx512__b8-ga1__r8__s2026__01a0a5f5-e407-7904-9c86-f6a77dac3a89,2026,17.47443985939026,6.419189453125
20260915T164550471089Z__mlx-community-qwen3-4b-4bit__qlora-q4__ctx512__b8-ga1__r8__s2026__01a0a5f5-e407-7904-9c86-f6a77dac3a89,2026,19.033890962600708,6.885371093638241
20260915T164550471089Z__mlx-community-qwen3-4b-4bit__qlora-q4__ctx512__b8-ga1__r8__s2026__01a0a5f5-e407-7904-9c86-f6a77dac3a89,2026,20.89658784866333,7.224726562388241
20260915T164550471089Z__mlx-community-qwen3-4b-4bit__qlora-q4__ctx512__b8-ga1__r8__s2026__01a0a5f5-e407-7904-9c86-f6a77dac3a89,2026,22.443480014801025,7.463193359784782
20260915T164550471089Z__mlx-community-qwen3-4b-4bit__qlora-q4__ctx512__b8-ga1__r8__s2026__01a0a5f5-e407-7904-9c86-f6a77dac3a89,2026,23.962886810302734,7.659550781361759
20260915T164550471089Z__mlx-community-qwen3-4b-4bit__qlora-q4__ctx512__b8-ga1__r8__s2026__01a0a5f5-e407-7904-9c86-f6a77dac3a89,2026,25.833367824554443,7.907900390215218
20260915T164550471089Z__mlx-community-qwen3-4b-4bit__qlora-q4__ctx512__b8-ga1__r8__s2026__01a0a5f5-e407-7904-9c86-f6a77dac3a89,2026,27.81386089324951,8.260859374888241
20260915T164550471089Z__mlx-community-qwen3-4b-4bit__qlora-q4__ctx512__b8-ga1__r8__s2026__01a0a5f5-e407-7904-9c86-f6a77dac3a89,2026,31.170711040496826,8.677919921465218
20260915T164550471089Z__mlx-community-qwen3-4b-4bit__qlora-q4__ctx512__b8-ga1__r8__s2026__01a0a5f5-e407-7904-9c86-f6a77dac3a89,2026,34.339016914367676,8.834589843638241
20260915T164550471089Z__mlx-community-qwen3-4b-4bit__qlora-q4__ctx512__b8-ga1__r8__s2026__01a0a5f5-e407-7904-9c86-f6a77dac3a89,2026,36.564719915390015,9.423222656361759
20260915T164550471089Z__mlx-community-qwen3-4b-4bit__qlora-q4__ctx512__b8-ga1__r8__s2026__01a0a5f5-e407-7904-9c86-f6a77dac3a89,2026,38.95609903335571,9.845703125
20260915T164550471089Z__mlx-community-qwen3-4b-4bit__qlora-q4__ctx512__b8-ga1__r8__s2026__01a0a5f5-e407-7904-9c86-f6a77dac3a89,2026,41.250727891922,10.277285155840218
20260915T164550471089Z__mlx-community-qwen3-4b-4bit__qlora-q4__ctx512__b8-ga1__r8__s2026__01a0a5f5-e407-7904-9c86-f6a77dac3a89,2026,44.639549016952515,10.679316406138241
20260915T164550471089Z__mlx-community-qwen3-4b-4bit__qlora-q4__ctx512__b8-ga1__r8__s2026__01a0a5f5-e407-7904-9c86-f6a77dac3a89,2026,46.62941002845764,10.936582031659782
20260915T164550471089Z__mlx-community-qwen3-4b-4bit__qlora-q4__ctx512__b8-ga1__r8__s2026__01a0a5f5-e407-7904-9c86-f6a77dac3a89,2026,49.04210090637207,11.548828125
20260915T164550471089Z__mlx-community-qwen3-4b-4bit__qlora-q4__ctx512__b8-ga1__r8__s2026__01a0a5f5-e407-7904-9c86-f6a77dac3a89,2026,51.163949966430664,12.213496093638241
20260915T164550471089Z__mlx-community-qwen3-4b-4bit__qlora-q4__ctx512__b8-ga1__r8__s2026__01a0a5f5-e407-7904-9c86-f6a77dac3a89,2026,53.67687392234802,12.437685546465218
20260915T164550471089Z__mlx-community-qwen3-4b-4bit__qlora-q4__ctx512__b8-ga1__r8__s2026__01a0a5f5-e407-7904-9c86-f6a77dac3a89,2026,57.82880187034607,13.003847655840218
20260915T164550471089Z__mlx-community-qwen3-4b-4bit__qlora-q4__ctx512__b8-ga1__r8__s2026__01a0a5f5-e407-7904-9c86-f6a77dac3a89,2026,60.78889489173889,13.6376953125
20260915T164550471089Z__mlx-community-qwen3-4b-4bit__qlora-q4__ctx512__b8-ga1__r8__s2026__01a0a5f5-e407-7904-9c86-f6a77dac3a89,2026,62.238698959350586,13.908505859784782
20260915T164550471089Z__mlx-community-qwen3-4b-4bit__qlora-q4__ctx512__b8-ga1__r8__s2026__01a0a5f5-e407-7904-9c86-f6a77dac3a89,2026,64.65167188644409,14.395624999888241
20260915T164550471089Z__mlx-community-qwen3-4b-4bit__qlora-q4__ctx512__b8-ga1__r8__s2026__01a0a5f5-e407-7904-9c86-f6a77dac3a89,2026,68.95531487464905,15.123964843340218
20260915T164550471089Z__mlx-community-qwen3-4b-4bit__qlora-q4__ctx512__b8-ga1__r8__s2026__01a0a5f5-e407-7904-9c86-f6a77dac3a89,2026,72.41817283630371,15.636533203534782
20260915T164550471089Z__mlx-community-qwen3-4b-4bit__qlora-q4__ctx512__b8-ga1__r8__s2026__01a0a5f5-e407-7904-9c86-f6a77dac3a89,2026,74.97330093383789,15.952451172284782
20260915T164550471089Z__mlx-community-qwen3-4b-4bit__qlora-q4__ctx512__b8-ga1__r8__s2026__01a0a5f5-e407-7904-9c86-f6a77dac3a89,2026,78.05084896087646,16.322207030840218
20260915T164550471089Z__mlx-community-qwen3-4b-4bit__qlora-q4__ctx512__b8-ga1__r8__s2026__01a0a5f5-e407-7904-9c86-f6a77dac3a89,2026,81.68393301963806,17.111025390215218
20260915T164550471089Z__mlx-community-qwen3-4b-4bit__qlora-q4__ctx512__b8-ga1__r8__s2026__01a0a5f5-e407-7904-9c86-f6a77dac3a89,2026,82.75281286239624,17.263486328534782
20260915T164550471089Z__mlx-community-qwen3-4b-4bit__qlora-q4__ctx512__b8-ga1__r8__s2026__01a0a5f5-e407-7904-9c86-f6a77dac3a89,2026,84.29111695289612,17.429931640625
20260915T164550471089Z__mlx-community-qwen3-4b-4bit__qlora-q4__ctx512__b8-ga1__r8__s2026__01a0a5f5-e407-7904-9c86-f6a77dac3a89,2026,86.3507490158081,17.716738280840218
20260915T164550471089Z__mlx-community-qwen3-4b-4bit__qlora-q4__ctx512__b8-ga1__r8__s2026__01a0a5f5-e407-7904-9c86-f6a77dac3a89,2026,89.81995391845703,18.180361327715218
20260915T164550471089Z__mlx-community-qwen3-4b-4bit__qlora-q4__ctx512__b8-ga1__r8__s2026__01a0a5f5-e407-7904-9c86-f6a77dac3a89,2026,92.78245997428894,18.53478515613824
20260915T164550471089Z__mlx-community-qwen3-4b-4bit__qlora-q4__ctx512__b8-ga1__r8__s2026__01a0a5f5-e407-7904-9c86-f6a77dac3a89,2026,94.38348293304443,18.801025390625
20260915T164550471089Z__mlx-community-qwen3-4b-4bit__qlora-q4__ctx512__b8-ga1__r8__s2026__01a0a5f5-e407-7904-9c86-f6a77dac3a89,2026,95.62692499160767,18.854921874590218
20260915T164550471089Z__mlx-community-qwen3-4b-4bit__qlora-q4__ctx512__b8-ga1__r8__s2026__01a0a5f5-e407-7904-9c86-f6a77dac3a89,2026,97.48697400093079,19.047910156659782
20260915T164550471089Z__mlx-community-qwen3-4b-4bit__qlora-q4__ctx512__b8-ga1__r8__s2026__01a0a5f5-e407-7904-9c86-f6a77dac3a89,2026,98.58752393722534,19.22888671886176
20260915T164550471089Z__mlx-community-qwen3-4b-4bit__qlora-q4__ctx512__b8-ga1__r8__s2026__01a0a5f5-e407-7904-9c86-f6a77dac3a89,2026,99.60635995864868,19.376523437909782
20260915T164550471089Z__mlx-community-qwen3-4b-4bit__qlora-q4__ctx512__b8-ga1__r8__s2026__01a0a5f5-e407-7904-9c86-f6a77dac3a89,2026,100.69178700447083,19.503662109375
20260915T164550471089Z__mlx-community-qwen3-4b-4bit__qlora-q4__ctx512__b8-ga1__r8__s2026__01a0a5f5-e407-7904-9c86-f6a77dac3a89,2026,103.63031792640686,20.001767578534782
20260915T164550471089Z__mlx-community-qwen3-4b-4bit__qlora-q4__ctx512__b8-ga1__r8__s2026__01a0a5f5-e407-7904-9c86-f6a77dac3a89,2026,105.42805981636047,20.256289062090218
20260915T164550471089Z__mlx-community-qwen3-4b-4bit__qlora-q4__ctx512__b8-ga1__r8__s2026__01a0a5f5-e407-7904-9c86-f6a77dac3a89,2026,106.61408495903015,20.07824218738824
20260915T164550471089Z__mlx-community-qwen3-4b-4bit__qlora-q4__ctx512__b8-ga1__r8__s2026__01a0a5f5-e407-7904-9c86-f6a77dac3a89,2026,107.69031286239624,15.110654297284782
20260915T164550471089Z__mlx-community-qwen3-4b-4bit__qlora-q4__ctx512__b8-ga1__r8__s2026__01a0a5f5-e407-7904-9c86-f6a77dac3a89,2026,108.7286548614502,12.604550781659782
20260915T164550471089Z__mlx-community-qwen3-4b-4bit__qlora-q4__ctx512__b8-ga1__r8__s2026__01a0a5f5-e407-7904-9c86-f6a77dac3a89,2026,109.7581729888916,12.534238281659782
20260915T164550471089Z__mlx-community-qwen3-4b-4bit__qlora-q4__ctx512__b8-ga1__r8__s2026__01a0a5f5-e407-7904-9c86-f6a77dac3a89,2026,110.77000999450684,12.461054687388241
20260915T164550471089Z__mlx-community-qwen3-4b-4bit__qlora-q4__ctx512__b8-ga1__r8__s2026__01a0a5f5-e407-7904-9c86-f6a77dac3a89,2026,111.78350687026978,12.382998046465218
20260915T164550471089Z__mlx-community-qwen3-4b-4bit__qlora-q4__ctx512__b8-ga1__r8__s2026__01a0a5f5-e407-7904-9c86-f6a77dac3a89,2026,112.78919291496277,12.328242187388241
20260915T164550471089Z__mlx-community-qwen3-4b-4bit__qlora-q4__ctx512__b8-ga1__r8__s2026__01a0a5f5-e407-7904-9c86-f6a77dac3a89,2026,113.81225180625916,12.211123046465218
20260915T164550471089Z__mlx-community-qwen3-4b-4bit__qlora-q4__ctx512__b8-ga1__r8__s2026__01a0a5f5-e407-7904-9c86-f6a77dac3a89,2026,114.82922291755676,12.078242187388241
20260915T164550471089Z__mlx-community-qwen3-4b-4bit__qlora-q4__ctx512__b8-ga1__r8__s2026__01a0a5f5-e407-7904-9c86-f6a77dac3a89,2026,115.84238386154175,11.855527344159782
20260915T164550471089Z__mlx-community-qwen3-4b-4bit__qlora-q4__ctx512__b8-ga1__r8__s2026__01a0a5f5-e407-7904-9c86-f6a77dac3a89,2026,116.85524892807007,11.710634765215218
20260915T164550471089Z__mlx-community-qwen3-4b-4bit__qlora-q4__ctx512__b8-ga1__r8__s2026__01a0a5f5-e407-7904-9c86-f6a77dac3a89,2026,117.9535059928894,11.568964843638241
20260915T164550471089Z__mlx-community-qwen3-4b-4bit__qlora-q4__ctx512__b8-ga1__r8__s2026__01a0a5f5-e407-7904-9c86-f6a77dac3a89,2026,118.96779203414917,11.459589843638241
20260915T164550471089Z__mlx-community-qwen3-4b-4bit__qlora-q4__ctx512__b8-ga1__r8__s2026__01a0a5f5-e407-7904-9c86-f6a77dac3a89,2026,119.97138595581055,11.342402343638241
20260915T164550471089Z__mlx-community-qwen3-4b-4bit__qlora-q4__ctx512__b8-ga1__r8__s2026__01a0a5f5-e407-7904-9c86-f6a77dac3a89,2026,120.9759738445282,11.209589843638241
20260915T164550471089Z__mlx-community-qwen3-4b-4bit__qlora-q4__ctx512__b8-ga1__r8__s2026__01a0a5f5-e407-7904-9c86-f6a77dac3a89,2026,121.98919081687927,10.921757812611759
20260915T164550471089Z__mlx-community-qwen3-4b-4bit__qlora-q4__ctx512__b8-ga1__r8__s2026__01a0a5f5-e407-7904-9c86-f6a77dac3a89,2026,123.00287294387817,10.760312500409782
20260915T164550471089Z__mlx-community-qwen3-4b-4bit__qlora-q4__ctx512__b8-ga1__r8__s2026__01a0a5f5-e407-7904-9c86-f6a77dac3a89,2026,124.00777697563171,10.610722656361759
20260915T164550471089Z__mlx-community-qwen3-4b-4bit__qlora-q4__ctx512__b8-ga1__r8__s2026__01a0a5f5-e407-7904-9c86-f6a77dac3a89,2026,125.01117587089539,10.491093750111759
20260915T164550471089Z__mlx-community-qwen3-4b-4bit__qlora-q4__ctx512__b8-ga1__r8__s2026__01a0a5f5-e407-7904-9c86-f6a77dac3a89,2026,126.01947784423828,10.338623046875
20260915T164550471089Z__mlx-community-qwen3-4b-4bit__qlora-q4__ctx512__b8-ga1__r8__s2026__01a0a5f5-e407-7904-9c86-f6a77dac3a89,2026,127.03292202949524,10.237060546875
20260915T164550471089Z__mlx-community-qwen3-4b-4bit__qlora-q4__ctx512__b8-ga1__r8__s2026__01a0a5f5-e407-7904-9c86-f6a77dac3a89,2026,128.04660487174988,10.112001952715218
20260915T164550471089Z__mlx-community-qwen3-4b-4bit__qlora-q4__ctx512__b8-ga1__r8__s2026__01a0a5f5-e407-7904-9c86-f6a77dac3a89,2026,129.05330300331116,10.002626952715218
20260915T164550471089Z__mlx-community-qwen3-4b-4bit__qlora-q4__ctx512__b8-ga1__r8__s2026__01a0a5f5-e407-7904-9c86-f6a77dac3a89,2026,130.068500995636,9.877626952715218
20260915T164550471089Z__mlx-community-qwen3-4b-4bit__qlora-q4__ctx512__b8-ga1__r8__s2026__01a0a5f5-e407-7904-9c86-f6a77dac3a89,2026,131.0814049243927,9.752626952715218
20260915T164550471089Z__mlx-community-qwen3-4b-4bit__qlora-q4__ctx512__b8-ga1__r8__s2026__01a0a5f5-e407-7904-9c86-f6a77dac3a89,2026,132.08647298812866,9.5498046875
20260915T164550471089Z__mlx-community-qwen3-4b-4bit__qlora-q4__ctx512__b8-ga1__r8__s2026__01a0a5f5-e407-7904-9c86-f6a77dac3a89,2026,133.10083603858948,9.408876952715218
20260915T164550471089Z__mlx-community-qwen3-4b-4bit__qlora-q4__ctx512__b8-ga1__r8__s2026__01a0a5f5-e407-7904-9c86-f6a77dac3a89,2026,134.115788936615,9.307246093638241
20260915T164550471089Z__mlx-community-qwen3-4b-4bit__qlora-q4__ctx512__b8-ga1__r8__s2026__01a0a5f5-e407-7904-9c86-f6a77dac3a89,2026,135.12255883216858,9.180781249888241
20260915T164550471089Z__mlx-community-qwen3-4b-4bit__qlora-q4__ctx512__b8-ga1__r8__s2026__01a0a5f5-e407-7904-9c86-f6a77dac3a89,2026,136.1366729736328,8.899716797284782
20260915T164550471089Z__mlx-community-qwen3-4b-4bit__qlora-q4__ctx512__b8-ga1__r8__s2026__01a0a5f5-e407-7904-9c86-f6a77dac3a89,2026,137.15071392059326,8.790341797284782
20260915T164550471089Z__mlx-community-qwen3-4b-4bit__qlora-q4__ctx512__b8-ga1__r8__s2026__01a0a5f5-e407-7904-9c86-f6a77dac3a89,2026,138.16478180885315,8.680966797284782
20260915T164550471089Z__mlx-community-qwen3-4b-4bit__qlora-q4__ctx512__b8-ga1__r8__s2026__01a0a5f5-e407-7904-9c86-f6a77dac3a89,2026,139.16953492164612,8.563779297284782
20260915T164550471089Z__mlx-community-qwen3-4b-4bit__qlora-q4__ctx512__b8-ga1__r8__s2026__01a0a5f5-e407-7904-9c86-f6a77dac3a89,2026,140.1832718849182,8.438847656361759
20260915T164550471089Z__mlx-community-qwen3-4b-4bit__qlora-q4__ctx512__b8-ga1__r8__s2026__01a0a5f5-e407-7904-9c86-f6a77dac3a89,2026,141.19721794128418,8.067988281138241
20260915T164550471089Z__mlx-community-qwen3-4b-4bit__qlora-q4__ctx512__b8-ga1__r8__s2026__01a0a5f5-e407-7904-9c86-f6a77dac3a89,2026,142.21038389205933,7.915712890215218
20260915T164550471089Z__mlx-community-qwen3-4b-4bit__qlora-q4__ctx512__b8-ga1__r8__s2026__01a0a5f5-e407-7904-9c86-f6a77dac3a89,2026,143.21931886672974,7.782958984375
20260915T164550471089Z__mlx-community-qwen3-4b-4bit__qlora-q4__ctx512__b8-ga1__r8__s2026__01a0a5f5-e407-7904-9c86-f6a77dac3a89,2026,144.22266793251038,7.572021484375
20260915T164550471089Z__mlx-community-qwen3-4b-4bit__qlora-q4__ctx512__b8-ga1__r8__s2026__01a0a5f5-e407-7904-9c86-f6a77dac3a89,2026,145.23628687858582,7.156064453534782
20260915T164550471089Z__mlx-community-qwen3-4b-4bit__qlora-q4__ctx512__b8-ga1__r8__s2026__01a0a5f5-e407-7904-9c86-f6a77dac3a89,2026,146.24993991851807,7.009160156361759
20260915T164550471089Z__mlx-community-qwen3-4b-4bit__qlora-q4__ctx512__b8-ga1__r8__s2026__01a0a5f5-e407-7904-9c86-f6a77dac3a89,2026,147.2637379169464,6.876347656361759
20260915T164550471089Z__mlx-community-qwen3-4b-4bit__qlora-q4__ctx512__b8-ga1__r8__s2026__01a0a5f5-e407-7904-9c86-f6a77dac3a89,2026,148.26931595802307,6.743593749590218
20260915T164550471089Z__mlx-community-qwen3-4b-4bit__qlora-q4__ctx512__b8-ga1__r8__s2026__01a0a5f5-e407-7904-9c86-f6a77dac3a89,2026,149.27617502212524,6.470156249590218
20260915T164550471089Z__mlx-community-qwen3-4b-4bit__qlora-q4__ctx512__b8-ga1__r8__s2026__01a0a5f5-e407-7904-9c86-f6a77dac3a89,2026,150.2856798171997,6.063906249590218
20260915T164550471089Z__mlx-community-qwen3-4b-4bit__qlora-q4__ctx512__b8-ga1__r8__s2026__01a0a5f5-e407-7904-9c86-f6a77dac3a89,2026,151.30005884170532,5.88427734375
20260915T164550471089Z__mlx-community-qwen3-4b-4bit__qlora-q4__ctx512__b8-ga1__r8__s2026__01a0a5f5-e407-7904-9c86-f6a77dac3a89,2026,152.30832290649414,5.61083984375
20260915T164550471089Z__mlx-community-qwen3-4b-4bit__qlora-q4__ctx512__b8-ga1__r8__s2026__01a0a5f5-e407-7904-9c86-f6a77dac3a89,2026,153.31887793540955,5.1416015625
20260915T164550471089Z__mlx-community-qwen3-4b-4bit__qlora-q4__ctx512__b8-ga1__r8__s2026__01a0a5f5-e407-7904-9c86-f6a77dac3a89,2026,154.33254194259644,5.012392577715218
20260915T164550471089Z__mlx-community-qwen3-4b-4bit__qlora-q4__ctx512__b8-ga1__r8__s2026__01a0a5f5-e407-7904-9c86-f6a77dac3a89,2026,155.34307980537415,4.715517577715218
20260915T164550471089Z__mlx-community-qwen3-4b-4bit__qlora-q4__ctx512__b8-ga1__r8__s2026__01a0a5f5-e407-7904-9c86-f6a77dac3a89,2026,156.35630083084106,4.551455077715218
20260915T164550471089Z__mlx-community-qwen3-4b-4bit__qlora-q4__ctx512__b8-ga1__r8__s2026__01a0a5f5-e407-7904-9c86-f6a77dac3a89,2026,157.42188501358032,4.367734375409782
20260915T164550471089Z__mlx-community-qwen3-4b-4bit__qlora-q4__ctx512__b8-ga1__r8__s2026__01a0a5f5-e407-7904-9c86-f6a77dac3a89,2026,158.43802285194397,4.711181640625
20260915T164550471089Z__mlx-community-qwen3-4b-4bit__qlora-q4__ctx512__b8-ga1__r8__s2026__01a0a5f5-e407-7904-9c86-f6a77dac3a89,2026,159.45899891853333,4.804570312611759
20260915T164550471089Z__mlx-community-qwen3-4b-4bit__qlora-q4__ctx512__b8-ga1__r8__s2026__01a0a5f5-e407-7904-9c86-f6a77dac3a89,2026,160.47627687454224,5.462216797284782
20260915T164550471089Z__mlx-community-qwen3-4b-4bit__qlora-q4__ctx512__b8-ga1__r8__s2026__01a0a5f5-e407-7904-9c86-f6a77dac3a89,2026,161.4934618473053,5.942812499590218
20260915T164550471089Z__mlx-community-qwen3-4b-4bit__qlora-q4__ctx512__b8-ga1__r8__s2026__01a0a5f5-e407-7904-9c86-f6a77dac3a89,2026,162.50702095031738,6.302548828534782
20260915T164550471089Z__mlx-community-qwen3-4b-4bit__qlora-q4__ctx512__b8-ga1__r8__s2026__01a0a5f5-e407-7904-9c86-f6a77dac3a89,2026,164.20876288414001,6.630429687909782
20260915T164550471089Z__mlx-community-qwen3-4b-4bit__qlora-q4__ctx512__b8-ga1__r8__s2026__01a0a5f5-e407-7904-9c86-f6a77dac3a89,2026,166.31659698486328,6.824648437090218
20260915T164550471089Z__mlx-community-qwen3-4b-4bit__qlora-q4__ctx512__b8-ga1__r8__s2026__01a0a5f5-e407-7904-9c86-f6a77dac3a89,2026,168.18541598320007,7.012812499888241
20260915T164550471089Z__mlx-community-qwen3-4b-4bit__qlora-q4__ctx512__b8-ga1__r8__s2026__01a0a5f5-e407-7904-9c86-f6a77dac3a89,2026,170.6062560081482,7.248837891034782
20260915T164550471089Z__mlx-community-qwen3-4b-4bit__qlora-q4__ctx512__b8-ga1__r8__s2026__01a0a5f5-e407-7904-9c86-f6a77dac3a89,2026,173.430419921875,7.622373047284782
20260915T164550471089Z__mlx-community-qwen3-4b-4bit__qlora-q4__ctx512__b8-ga1__r8__s2026__01a0a5f5-e407-7904-9c86-f6a77dac3a89,2026,175.53334403038025,7.771855468861759
20260915T164550471089Z__mlx-community-qwen3-4b-4bit__qlora-q4__ctx512__b8-ga1__r8__s2026__01a0a5f5-e407-7904-9c86-f6a77dac3a89,2026,177.65633392333984,8.112187500111759
20260915T164550471089Z__mlx-community-qwen3-4b-4bit__qlora-q4__ctx512__b8-ga1__r8__s2026__01a0a5f5-e407-7904-9c86-f6a77dac3a89,2026,179.65212893486023,8.235957031138241
20260915T164550471089Z__mlx-community-qwen3-4b-4bit__qlora-q4__ctx512__b8-ga1__r8__s2026__01a0a5f5-e407-7904-9c86-f6a77dac3a89,2026,180.9425368309021,8.388857421465218
20260915T164550471089Z__mlx-community-qwen3-4b-4bit__qlora-q4__ctx512__b8-ga1__r8__s2026__01a0a5f5-e407-7904-9c86-f6a77dac3a89,2026,182.4707419872284,8.594052734784782
20260915T164550471089Z__mlx-community-qwen3-4b-4bit__qlora-q4__ctx512__b8-ga1__r8__s2026__01a0a5f5-e407-7904-9c86-f6a77dac3a89,2026,184.26272296905518,8.799746093340218
20260915T164550471089Z__mlx-community-qwen3-4b-4bit__qlora-q4__ctx512__b8-ga1__r8__s2026__01a0a5f5-e407-7904-9c86-f6a77dac3a89,2026,188.36846685409546,9.194521483965218
20260915T164550471089Z__mlx-community-qwen3-4b-4bit__qlora-q4__ctx512__b8-ga1__r8__s2026__01a0a5f5-e407-7904-9c86-f6a77dac3a89,2026,194.30566787719727,10.138916015625
20260915T164550471089Z__mlx-community-qwen3-4b-4bit__qlora-q4__ctx512__b8-ga1__r8__s2026__01a0a5f5-e407-7904-9c86-f6a77dac3a89,2026,195.87103581428528,10.615908202715218
20260915T164550471089Z__mlx-community-qwen3-4b-4bit__qlora-q4__ctx512__b8-ga1__r8__s2026__01a0a5f5-e407-7904-9c86-f6a77dac3a89,2026,197.29362297058105,10.798525390215218
20260915T164550471089Z__mlx-community-qwen3-4b-4bit__qlora-q4__ctx512__b8-ga1__r8__s2026__01a0a5f5-e407-7904-9c86-f6a77dac3a89,2026,199.09483981132507,11.017880859784782
20260915T164550471089Z__mlx-community-qwen3-4b-4bit__qlora-q4__ctx512__b8-ga1__r8__s2026__01a0a5f5-e407-7904-9c86-f6a77dac3a89,2026,201.1726930141449,11.161435547284782
20260915T164550471089Z__mlx-community-qwen3-4b-4bit__qlora-q4__ctx512__b8-ga1__r8__s2026__01a0a5f5-e407-7904-9c86-f6a77dac3a89,2026,202.86585783958435,11.389892578125
20260915T164550471089Z__mlx-community-qwen3-4b-4bit__qlora-q4__ctx512__b8-ga1__r8__s2026__01a0a5f5-e407-7904-9c86-f6a77dac3a89,2026,205.40002703666687,11.7275390625
20260915T164550471089Z__mlx-community-qwen3-4b-4bit__qlora-q4__ctx512__b8-ga1__r8__s2026__01a0a5f5-e407-7904-9c86-f6a77dac3a89,2026,208.3621108531952,12.04443359375
20260915T164550471089Z__mlx-community-qwen3-4b-4bit__qlora-q4__ctx512__b8-ga1__r8__s2026__01a0a5f5-e407-7904-9c86-f6a77dac3a89,2026,210.054114818573,12.259580078534782
20260915T164550471089Z__mlx-community-qwen3-4b-4bit__qlora-q4__ctx512__b8-ga1__r8__s2026__01a0a5f5-e407-7904-9c86-f6a77dac3a89,2026,213.1029908657074,12.777226562611759
20260915T164550471089Z__mlx-community-qwen3-4b-4bit__qlora-q4__ctx512__b8-ga1__r8__s2026__01a0a5f5-e407-7904-9c86-f6a77dac3a89,2026,216.17675590515137,13.111386719159782
20260915T164550471089Z__mlx-community-qwen3-4b-4bit__qlora-q4__ctx512__b8-ga1__r8__s2026__01a0a5f5-e407-7904-9c86-f6a77dac3a89,2026,220.14866089820862,13.560664062388241
20260915T164550471089Z__mlx-community-qwen3-4b-4bit__qlora-q4__ctx512__b8-ga1__r8__s2026__01a0a5f5-e407-7904-9c86-f6a77dac3a89,2026,222.34214782714844,13.781367187388241
20260915T164550471089Z__mlx-community-qwen3-4b-4bit__qlora-q4__ctx512__b8-ga1__r8__s2026__01a0a5f5-e407-7904-9c86-f6a77dac3a89,2026,224.1411600112915,14.068544921465218
20260915T164550471089Z__mlx-community-qwen3-4b-4bit__qlora-q4__ctx512__b8-ga1__r8__s2026__01a0a5f5-e407-7904-9c86-f6a77dac3a89,2026,228.26376581192017,14.494384765625
20260915T164550471089Z__mlx-community-qwen3-4b-4bit__qlora-q4__ctx512__b8-ga1__r8__s2026__01a0a5f5-e407-7904-9c86-f6a77dac3a89,2026,232.98661184310913,15.186708983965218
20260915T164550471089Z__mlx-community-qwen3-4b-4bit__qlora-q4__ctx512__b8-ga1__r8__s2026__01a0a5f5-e407-7904-9c86-f6a77dac3a89,2026,234.37921595573425,15.1484375
