model,metric,ratio_mean,ratio_min,ratio_max,n_seeds
0.6b,tm.peak_metal_gpu_memory_bytes,0.7270600065281768,0.7270600065281768,0.7270600065281768,3
1.7b,tm.peak_metal_gpu_memory_bytes,0.5942361017719375,0.5942361017719375,0.5942361017719375,3
4b,tm.peak_metal_gpu_memory_bytes,0.5363815147656127,0.5363815147656127,0.5363815147656127,1
0.6b,tm.median_step_time_seconds,1.1261040238171003,1.1002933176136873,1.1417431633693922,3
1.7b,tm.median_step_time_seconds,1.2161930623793458,1.2103355311858464,1.2252446343838619,3
4b,tm.median_step_time_seconds,1.2126989094441887,1.2126989094441887,1.2126989094441887,1
0.6b,runtime.tokens_per_second,0.8908687708707069,0.8803415068446873,0.908126243461652,3
1.7b,runtime.tokens_per_second,0.8217345625254028,0.815946413272103,0.8314716084988797,3
4b,runtime.tokens_per_second,0.8088736557309344,0.8088736557309344,0.8088736557309344,1
