experiment_id,git_commit,git_dirty,model,revision,precision,method,context,batch_micro,grad_accum,rank,seed,steps_requested,steps_completed,status,exit_code,signal,wall_time_s,step_time_avg_s,step_time_median_s,throughput_tok_s,peak_metal_gpu_memory_bytes,peak_process_memory_bytes,swap_before_bytes,swap_after_bytes,training_loss_final,dataset,manifest_verified,evidence_quality,formal_or_probe,raw_result_path
20260907T021942754783Z__qwen-qwen3-0-6b__lora-qnone__ctx512__b1-ga1__r8__s42__01a079aa-0d22-7b82-b087-2e81025cf45b,c2303aa7ffd2,True,Qwen/Qwen3-0.6B,null,null,lora,512,1,1,8,42,20,null,runtime_error,1,null,3.511,null,null,null,null,null,740818944,740818944,null,exp0-synthetic-smoke,True,medium,smoke,results/raw/20260907T021942754783Z__qwen-qwen3-0-6b__lora-qnone__ctx512__b1-ga1__r8__s42__01a079aa-0d22-7b82-b087-2e81025cf45b
20260907T022132013680Z__qwen-qwen3-0-6b__lora-qnone__ctx512__b1-ga1__r8__s42__01a079ab-b7ed-7447-a05f-b39f0285f29c,c2303aa7ffd2,True,Qwen/Qwen3-0.6B,null,null,lora,512,1,1,8,42,20,null,runtime_error,1,null,4.058,null,null,null,null,null,740818944,740818944,null,exp0-synthetic-smoke,True,medium,smoke,results/raw/20260907T022132013680Z__qwen-qwen3-0-6b__lora-qnone__ctx512__b1-ga1__r8__s42__01a079ab-b7ed-7447-a05f-b39f0285f29c
20260907T022332559211Z__qwen-qwen3-0-6b__lora-qnone__ctx512__b1-ga1__r8__s42__01a079ad-8ecf-7cbe-b5e3-d272557aa348,c2303aa7ffd2,True,Qwen/Qwen3-0.6B,c1899de289a04d12100db370d81485cdf75e47ca,bf16,lora,512,1,1,8,42,20,20,success,0,null,2.728,0.06765,0.066805,284.8899,1337468438,null,740818944,740818944,2.874138,exp0-synthetic-smoke,True,medium,smoke,results/raw/20260907T022332559211Z__qwen-qwen3-0-6b__lora-qnone__ctx512__b1-ga1__r8__s42__01a079ad-8ecf-7cbe-b5e3-d272557aa348
20260907T022556721693Z__qwen-qwen3-0-6b__lora-qnone__ctx512__b1-ga1__r8__s42__01a079af-c1f1-73d0-966a-a96df7d37d9e,c2303aa7ffd2,True,Qwen/Qwen3-0.6B,c1899de289a04d12100db370d81485cdf75e47ca,bf16,lora,512,1,1,8,42,20,20,success,0,null,2.734,0.068275,0.068109,282.2631,1337402902,null,740818944,740818944,2.874138,exp0-synthetic-smoke,True,medium,smoke,results/raw/20260907T022556721693Z__qwen-qwen3-0-6b__lora-qnone__ctx512__b1-ga1__r8__s42__01a079af-c1f1-73d0-966a-a96df7d37d9e
20260907T024058016577Z__qwen-qwen3-0-6b__lora-qnone__ctx512__b1-ga1__r8__s42__01a079bd-82a0-7e05-8094-4012df9f2def,48d2722b713e,True,Qwen/Qwen3-0.6B,c1899de289a04d12100db370d81485cdf75e47ca,bf16,lora,512,1,1,8,42,100,100,success,0,null,8.678,0.071901,0.072614,269.6592,1337991928,null,740818944,740818944,0.42167,exp0-synthetic-smoke,True,medium,calibration,results/raw/20260907T024058016577Z__qwen-qwen3-0-6b__lora-qnone__ctx512__b1-ga1__r8__s42__01a079bd-82a0-7e05-8094-4012df9f2def
20260907T024106970990Z__qwen-qwen3-0-6b__lora-qnone__ctx512__b1-ga1__r8__s42__01a079bd-a59b-799e-ba6b-0ea7a10b3ff2,48d2722b713e,True,Qwen/Qwen3-0.6B,c1899de289a04d12100db370d81485cdf75e47ca,bf16,lora,512,1,1,8,42,100,100,success,0,null,8.542,0.070793,0.071337,273.881,1338385144,null,740818944,740818944,0.42167,exp0-synthetic-smoke,True,medium,calibration,results/raw/20260907T024106970990Z__qwen-qwen3-0-6b__lora-qnone__ctx512__b1-ga1__r8__s42__01a079bd-a59b-799e-ba6b-0ea7a10b3ff2
20260907T024115717682Z__qwen-qwen3-0-6b__lora-qnone__ctx512__b1-ga1__r8__s42__01a079bd-c7c5-70da-a357-155d77baf283,48d2722b713e,True,Qwen/Qwen3-0.6B,c1899de289a04d12100db370d81485cdf75e47ca,bf16,lora,512,1,1,8,42,100,100,success,0,null,8.541,0.070786,0.071366,273.9085,1338204920,null,740818944,740818944,0.42167,exp0-synthetic-smoke,True,medium,calibration,results/raw/20260907T024115717682Z__qwen-qwen3-0-6b__lora-qnone__ctx512__b1-ga1__r8__s42__01a079bd-c7c5-70da-a357-155d77baf283
20260907T024646490250Z__qwen-qwen3-1-7b__lora-qnone__ctx512__b1-ga1__r8__s42__01a079c2-d3da-7155-86ac-53cf7f4ae3b2,2865b47f3247,True,Qwen/Qwen3-1.7B,70d244cc86ccca08cf5af4e1e306ecf908b1ad5e,bf16,lora,512,1,1,8,42,100,100,success,0,null,22.334,0.156219,0.157745,124.1135,3640497315,null,732430336,2288391291,0.19594,exp0-synthetic-smoke,True,medium,calibration,results/raw/20260907T024646490250Z__qwen-qwen3-1-7b__lora-qnone__ctx512__b1-ga1__r8__s42__01a079c2-d3da-7155-86ac-53cf7f4ae3b2
20260907T024709149499Z__qwen-qwen3-1-7b__lora-qnone__ctx512__b1-ga1__r8__s42__01a079c3-2c5d-7344-b870-479dba0fefc8,2865b47f3247,True,Qwen/Qwen3-1.7B,70d244cc86ccca08cf5af4e1e306ecf908b1ad5e,bf16,lora,512,1,1,8,42,100,100,success,0,null,22.81,0.162883,0.162095,119.0357,3640562851,null,2288391291,2271614075,0.19594,exp0-synthetic-smoke,True,medium,calibration,results/raw/20260907T024709149499Z__qwen-qwen3-1-7b__lora-qnone__ctx512__b1-ga1__r8__s42__01a079c3-2c5d-7344-b870-479dba0fefc8
20260907T024732247104Z__qwen-qwen3-1-7b__lora-qnone__ctx512__b1-ga1__r8__s42__01a079c3-8697-7052-b0ed-584850171716,2865b47f3247,True,Qwen/Qwen3-1.7B,70d244cc86ccca08cf5af4e1e306ecf908b1ad5e,bf16,lora,512,1,1,8,42,100,100,success,0,null,22.881,0.164505,0.165427,117.8619,3640448163,null,2271614075,2271614075,0.19594,exp0-synthetic-smoke,True,medium,calibration,results/raw/20260907T024732247104Z__qwen-qwen3-1-7b__lora-qnone__ctx512__b1-ga1__r8__s42__01a079c3-8697-7052-b0ed-584850171716
20260907T040127366397Z__qwen-qwen3-4b__lora-qnone__ctx512__b1-ga1__r8__s42__01a07a07-3346-7299-a88e-5b27ca4db995,0916e932638b,True,Qwen/Qwen3-4B,null,bf16,lora,512,1,1,8,42,20,20,success,0,null,17.902,0.396512,0.338998,48.9267,8356484293,null,1843721667,7664104899,2.016996,exp0-synthetic-smoke,True,medium,probe,results/raw/20260907T040127366397Z__qwen-qwen3-4b__lora-qnone__ctx512__b1-ga1__r8__s42__01a07a07-3346-7299-a88e-5b27ca4db995
20260907T040620496121Z__qwen-qwen3-4b__lora-qnone__ctx512__b1-ga1__r8__s42__01a07a0b-ac50-747e-9d35-b06afa67336c,613209ec7a1c,False,Qwen/Qwen3-4B,1cfa9a7208912126459214e8b04321603b3df60c,bf16,lora,512,1,1,8,42,20,20,success,0,null,18.803,0.422199,0.334632,45.9499,8356435141,null,7118656635,7348221379,2.016996,exp0-synthetic-smoke,True,high,probe,results/raw/20260907T040620496121Z__qwen-qwen3-4b__lora-qnone__ctx512__b1-ga1__r8__s42__01a07a0b-ac50-747e-9d35-b06afa67336c
20260907T072718449994Z__mlx-community-qwen3-4b-4bit__qlora-q4__ctx512__b1-ga1__r8__s42__01a07ac3-a9b2-7e63-aee6-c2ce5f44e305,9c2a6bc2a928,False,mlx-community/Qwen3-4B-4bit,4dcb3d101c2a062e5c1d4bb173588c54ea6c4d25,4bit,qlora,512,1,1,8,42,20,20,success,0,null,9.093,0.253523,0.225255,76.5215,2565876416,null,4375246275,4375246275,1.799151,exp0-synthetic-smoke,True,high,probe,results/raw/20260907T072718449994Z__mlx-community-qwen3-4b-4bit__qlora-q4__ctx512__b1-ga1__r8__s42__01a07ac3-a9b2-7e63-aee6-c2ce5f44e305
20260907T080508682710Z__qwen-qwen3-4b__lora-qnone__ctx512__b1-ga1__r8__s42__01a07ae6-4dca-722d-b073-f4b3153e03d0,77d993786f73,False,Qwen/Qwen3-4B,1cfa9a7208912126459214e8b04321603b3df60c,bf16,lora,512,1,1,8,42,20,20,success,0,null,22.897,0.582959,0.337163,33.2785,8356156613,null,4274582979,7920680960,2.016996,exp0-synthetic-smoke,True,high,probe,results/raw/20260907T080508682710Z__qwen-qwen3-4b__lora-qnone__ctx512__b1-ga1__r8__s42__01a07ae6-4dca-722d-b073-f4b3153e03d0
20260907T080735708838Z__mlx-community-qwen3-4b-4bit__qlora-q4__ctx512__b1-ga1__r8__s42__01a07ae8-8c1c-72cb-a2fb-351e0e6545a5,77d993786f73,False,mlx-community/Qwen3-4B-4bit,4dcb3d101c2a062e5c1d4bb173588c54ea6c4d25,4bit,qlora,512,1,1,8,42,20,20,success,0,null,8.91,0.218531,0.219285,88.7745,2565941952,null,6971394621,6954617405,1.799151,exp0-synthetic-smoke,True,high,probe,results/raw/20260907T080735708838Z__mlx-community-qwen3-4b-4bit__qlora-q4__ctx512__b1-ga1__r8__s42__01a07ae8-8c1c-72cb-a2fb-351e0e6545a5
20260907T090653918143Z__mlx-community-qwen3-8b-4bit__qlora-q4__ctx512__b1-ga1__r8__s42__01a07b1e-d75e-7f92-88af-6222d8638cbf,94e95ea32960,False,mlx-community/Qwen3-8B-4bit,545dc4251c05440727734bcd94334791f6ab0192,4bit,qlora,512,1,1,8,42,20,20,success,0,null,14.665,0.419168,0.38902,46.2822,4980042880,null,2816800195,2808411587,2.0998,exp0-synthetic-smoke,True,high,probe,results/raw/20260907T090653918143Z__mlx-community-qwen3-8b-4bit__qlora-q4__ctx512__b1-ga1__r8__s42__01a07b1e-d75e-7f92-88af-6222d8638cbf
20260907T095600405930Z__mlx-community-qwen3-14b-4bit__qlora-q4__ctx512__b1-ga1__r8__s42__01a07b4b-cd16-7c6e-b3d7-69566ded52b8,448effafaea9,False,mlx-community/Qwen3-14B-4bit,a4d9b2df59d2c150bef02fcbe0d91046b7ca33a4,4bit,qlora,512,1,1,8,42,20,20,success,0,null,26.478,0.880672,0.678771,22.0286,8789481623,null,2707748291,4235198464,2.373995,exp0-synthetic-smoke,True,high,probe,results/raw/20260907T095600405930Z__mlx-community-qwen3-14b-4bit__qlora-q4__ctx512__b1-ga1__r8__s42__01a07b4b-cd16-7c6e-b3d7-69566ded52b8
20260907T110003248768Z__mlx-community-qwen3-4b-4bit__qlora-q4__ctx2048__b1-ga1__r8__s42__01a07b86-7030-7992-b5e9-e44c9960eb61,9405f9876044,False,mlx-community/Qwen3-4B-4bit,4dcb3d101c2a062e5c1d4bb173588c54ea6c4d25,4bit,qlora,2048,1,1,8,42,20,20,success,0,null,1100.572,53.903941,53.186817,31.5719,23191479038,null,3396012605,4911330755,0.164742,exp0-synthetic-long-ctx2048,True,high,probe,results/raw/20260907T110003248768Z__mlx-community-qwen3-4b-4bit__qlora-q4__ctx2048__b1-ga1__r8__s42__01a07b86-7030-7992-b5e9-e44c9960eb61
20260907T111824441175Z__mlx-community-qwen3-4b-4bit__qlora-q4__ctx8192__b1-ga1__r8__s42__01a07b97-3db9-7873-b5b6-49cb74b618a0,9405f9876044,False,mlx-community/Qwen3-4B-4bit,null,4bit,qlora,8192,1,1,8,42,20,null,runtime_error,null,SIGKILL,87.279,null,null,null,null,null,4869387715,25527257661,null,exp0-synthetic-long-ctx8192,True,medium,probe,results/raw/20260907T111824441175Z__mlx-community-qwen3-4b-4bit__qlora-q4__ctx8192__b1-ga1__r8__s42__01a07b97-3db9-7873-b5b6-49cb74b618a0
