old_commit,new_commit
00173487902bcef718b370c0e9dc87f4fe106158,9fa8fab784a98823f121bfba78851169b9a35e3d
1612513344198810c19225e83aed15fd5a0f8f88,d9eccb37ec5dccad5194c32f496966e251e35629
1aa2b0c6351d5168f18a8e59d316dab94817ace2,ea5288e5312a3294f901bd95e9c6c61b927301dd
28663b5ffe872be66444c1312d7380ffde68deeb,8efed9b3b48c90734428f2f783a33d8941395d74
28ed7fa0c115ff8cf1d7cc03dfad08ce7190b0cf,ed24e656297f4b28c7e4db23eb82807eaf9eece5
2a749c9a2420d374a85e32dbf75478226b515abb,eb1f649c240bb84360f83a25e09d6775bb8095ad
2b54a3bb07b488c7c532ee5f6d7584b4e6876508,e00895168578461d2f08aa1d2539e04b5bf99366
2ead0905f1e22202b52300b1a2e5bf33e13d01f2,84dba90d688112b0c4d91d21c0e395028cb030e1
36d173647a24325ffde48040b727cdc46598b064,d9c297bef202b97ae10e2c52d6cd3fa65050d34c
39dc6c389ceb850eb32b7ef453f75227958eb29e,21e827b10a5acd1d1ac9031dc24dbb8793e81da7
3baff6440a76bd919e7df619b63e0a9611deab8f,65c54c1f7721cc8ba2ec72c4ff9d09a98ebb620f
3c0b03a81656fe43397b9a658af8bdf8d04819d5,30dded1a976484e0fd940467707b3d51c7570afc
3dc33d23d039786b5ad92778e00db86177011895,8db9c131c40159ed0ec42723db1e584172d49478
3f1fa5858a9c07b8e957b3d85bce616fc45b97cd,eb8324787fd92f065d98dbca90665c3faa52cf63
448effafaea9659c6641271b844e371d167df5ea,5450fa70b0211b19dd54fb3aa6236a9837d5a2a2
49852b89a2d7acd220eb172f92ca0d3e192e3ca0,6f1cccd0e7de7653a92403d60cc5cbb36bdd3ace
4ae24255a5cf1bc4a363e1412f3a65c2c0b0b8a5,2295d08081efece47310981a6c6128156947540a
4ba47454b5a333dc6f4245efc6d6fd540dc1ac75,ad82527cfda51182144cea2306457be4177752f4
4bf88176ca098fcdb85e628b0ee630f3ac22200a,c4ba016b1377978e9fa7ab0d65b978d9a47d84ef
4d64b411da02d0186941993e14798e7ac6c4db42,ea111f3c601659facfd9c851e042050485cdddf9
4dd14a378412a01fc6f149417f5968145ed4da87,663e1df8f4ee8d5cfc91b2d5f695b648022b5980
56a324deb524e9064458473174ebebb7042fd4af,44c05bf7170020de64e2672019303d87ecf6bbd7
62e2de9feaa81b0ca5726a467e8ee2786ca1af23,23dd83dd176885bfcc3974888c930f85db8d2493
67468b7c481d8f0787ef600e36a5738ddfcfb88b,577c9107df23bc8c6cc08da4dc8df3b75ee9b005
68736982a5e5dfde9812b1bdf333573f1086d7dc,934368b87f480072fa8acd23366fd37cc10689a8
6b9c6ff5b1bba4d24e69dbfb150335a585738d8f,95c859dc36cea285f8fc935dc2f05144721d2738
6bd3ba7f5e0adfbca698db7a401c77c4868c1522,c3b6deb53f347bc3a9d4c32ed5e9b97471d9599f
6c650272ca95dc22aafa34dc17de1872be55f8e7,3e02244237e74b969bc203636f06d0946a386a1e
7185916e4b36d6095329096ea2b1a2547ffc657c,f9895295c4147de709aa506f3ad3d87960a96269
71b89a573d446c5ef5c949bead9a2c5fd2e37ee6,863812a858a2d12f7ec7676dea5aca270f5be569
7b4f304a07c53e76e7396deefbead3b10b1572ff,976ff0463e389413949eabe749bb9e1dffc54a45
7e4dbd2123552527fd7de923c2f7a6a8d803be78,afabd083b4dd1b8c82c09346ba346da6e26aef86
83791bb127bf3c2ebfa6a3b8c71e09e493549951,7dbdb266f2c19ef291fd2bf583f8994dbd06ec82
849fb32404bed61b3fecb45f6f53ca52c5dc1fd6,a18a919312fa970f406cff41d264977c12fe0c7f
8651e125077215efa4bce035599811c96d356e13,b398076a45593ae52549512878807b1e15d651d9
884a41375631e6ec7e94b470139f6ac834eb9279,5ef4eb3656fb32f4e4b16b8f9365278a8bdc81c6
8b53186376a8800e1a87d962058371e0a24163bb,29a18b6fb87e121a83ab9e975bf0c0cbd4f2cd1c
9405f98760444ef3e240c6a1c1b51c5ec43c2245,1c759990843092a1a193671ca0c67acd7be00d68
94e95ea329608c4709b5c3061793c6ba8a1d4e18,18a421f65adbcb230deed8a88bbcd46da252b2f7
9a4106719b035cf56a7b8a906af183d1fd9339ca,ffd1e0cb61762450adcfee2180b507466761ef5c
a62bc33c7bbc474879de719fe400048f0ba83ece,dedec3e4712e550d505921a7ce03e8c5e19c2e20
aaa4c5e7afc2397a2228f3d91dc2c59372aa9e86,702768a85674409e5e2e7b80b8dc47bd05782e4a
abb56a88242507b85abca8ec1de14c70eb990952,a5dfc1af35a4ea287db7e086342ed65b60695a96
ac46928fc1a3afb9f39e65edcaea9a5bcced7d0e,ba60b72bc0807f9f6ec1d57d8c7a0bac3ee9dc49
ad61db642307ff5fd9fe659af6f5948accbd3739,a05f6993a4c97c95a2cdd4c44e5799152883f869
b37c02bf3a57f7ae27aeb258d271fd2d03801faa,a831684a9309388277aef660f262272a691e2d19
c5b9178f04243b59f2e4eacc42335a9eb3858e90,dcf84dbc9dfb770bc315cae26ccc047900233a6e
c825a418a3620ed6dc13ebb8a7ffc6cde57e7607,a28b407ecf7900c3b444bce29e3b811d574b9ab2
d385d0b07904651165b31931bec9b0c0fe8a0938,4b5375437864d3c5eccb49895822a7adc3d06ad4
d5bcf451c8444d2673000961b710706f7009484b,ab4b8a02b32fdd150c4265e6cbf98dc555857e40
d7b845d6ac7af944282dd6005f4232080a9d7696,236309af2a42e48fd48414c081f585f1aa3fa741
d94cea7906e0e39a13b8b73a30cd24a3f3c3b053,f03c0f2064d760c84ffbb78fc4aa22494a53d4ad
e023d5aca35fecb99eecd97c0b7041bb66456f9c,0bb2816c4127880e907eacb6deee91153f93f422
e643f6fb7267af2ac309f59007cabba0f1f870f9,10f73b05938beb3b8c0d3ece8e5f5a3a76049d7d
e87cf53f2b4d63c56286e915a39818f67f7d2418,1a53f57543e14b5352869e519b4758b857158a83
e9e494f9cf0753415122c69d0f281fa215f00884,ae22c9fdd96a3bf0a40d0b8bed275aba08be552a
ebb2869bb14080ed17542feac95275e4ac9c2554,6ef789f89c9e12b29a310943fdf4bd546ae44882
ebd3ed62f64bcd49ed9e424c4505011dcfe28dbe,4051b47862ee96f8526adc0ce5a753d1cd51a9b3
ef092cf625fc9e18ebbbe0d1fba90542e36a76bf,b6aa507ae1ebe07c0d7de6301c1c98cefe458a51
f0ba44d8aa811ed61eb799d9fec1782923edbd97,177166472b83931a21e86a69739afc9810880e8e
f381ffc42e9ed2e5fd58ed23a30dc705f75c4387,877db815d62cb028033eefb2b623a100d9e2e302
f71b21b31a42ed2714f7f7f4407343fac70a7ba3,0039d91ab61bc37d7666757772bd531c754afb12
f7fea5e57b78ab812559a3f3918e13982f2c2acc,5c8675d9b43e455298cce947890e3200030e94c9
fc194e3119cbc7b5f00fad42a45a2ea2f80844b8,8815601213747b879bfb2e094d87c19072aeff73
old,new
